experiment_id,id,scenario_id,template_id,strategy,seed,source_node_id,destination_node_id,destination_service,actual_fault_type,actual_target_id,predicted_fault_type,predicted_probability,predicted_target_id,localization_confidence,is_correct_top1,is_correct_top3,is_localization_correct,is_inconclusive,status,probes_used,elapsed_ms,created_at
exp-e5952536f39f,9,campus-dns-outage,campus-basic,adaptive,20261009,client-1,web-1,web,DNS_FAILURE,dns-1,DNS_FAILURE,0.876636,dns-1,strong,1,1,1,0,confident,4,4.560151999612572,2026-10-09T15:10:35.908401+00:00
exp-e5952536f39f,53,campus-dns-outage,campus-basic,adaptive,20261010,client-1,web-1,web,DNS_FAILURE,dns-1,DNS_FAILURE,0.876636,dns-1,strong,1,1,1,0,confident,4,4.756264000207011,2026-10-09T15:10:36.182288+00:00
exp-e5952536f39f,97,campus-dns-outage,campus-basic,adaptive,20261011,client-1,web-1,web,DNS_FAILURE,dns-1,DNS_FAILURE,0.876636,dns-1,strong,1,1,1,0,confident,4,5.255672000203049,2026-10-09T15:10:36.443870+00:00
exp-e5952536f39f,141,campus-dns-outage,campus-basic,adaptive,20261012,client-1,web-1,web,DNS_FAILURE,dns-1,DNS_FAILURE,0.876636,dns-1,strong,1,1,1,0,confident,4,4.299877999983437,2026-10-09T15:10:36.693166+00:00
exp-e5952536f39f,185,campus-dns-outage,campus-basic,adaptive,20261013,client-1,web-1,web,DNS_FAILURE,dns-1,DNS_FAILURE,0.876636,dns-1,strong,1,1,1,0,confident,4,5.29803199970047,2026-10-09T15:10:36.971321+00:00
exp-e5952536f39f,229,campus-dns-outage,campus-basic,adaptive,20261014,client-1,web-1,web,DNS_FAILURE,dns-1,DNS_FAILURE,0.876636,dns-1,strong,1,1,1,0,confident,4,4.418724000061047,2026-10-09T15:10:37.237314+00:00
exp-e5952536f39f,273,campus-dns-outage,campus-basic,adaptive,20261015,client-1,web-1,web,DNS_FAILURE,dns-1,DNS_FAILURE,0.876636,dns-1,strong,1,1,1,0,confident,4,4.8396120000688825,2026-10-09T15:10:37.470841+00:00
exp-e5952536f39f,317,campus-dns-outage,campus-basic,adaptive,20261016,client-1,web-1,web,DNS_FAILURE,dns-1,DNS_FAILURE,0.876636,dns-1,strong,1,1,1,0,confident,4,4.955471999892325,2026-10-09T15:10:37.707301+00:00
exp-e5952536f39f,361,campus-dns-outage,campus-basic,adaptive,20261017,client-1,web-1,web,DNS_FAILURE,dns-1,DNS_FAILURE,0.876636,dns-1,strong,1,1,1,0,confident,4,5.052556000009645,2026-10-09T15:10:37.953253+00:00
exp-e5952536f39f,405,campus-dns-outage,campus-basic,adaptive,20261018,client-1,web-1,web,DNS_FAILURE,dns-1,DNS_FAILURE,0.876636,dns-1,strong,1,1,1,0,confident,4,4.406650999953854,2026-10-09T15:10:38.192767+00:00
exp-e5952536f39f,27,campus-gateway-unreachable,campus-basic,adaptive,20261009,client-1,web-1,web,GATEWAY_UNREACHABLE,l-client1-access,LINK_FAILURE,0.901744,l-client1-access,moderate,1,1,1,0,confident,3,4.050534999805677,2026-10-09T15:10:36.028469+00:00
exp-e5952536f39f,71,campus-gateway-unreachable,campus-basic,adaptive,20261010,client-1,web-1,web,GATEWAY_UNREACHABLE,l-client1-access,LINK_FAILURE,0.901744,l-client1-access,moderate,1,1,1,0,confident,3,3.8589120003962307,2026-10-09T15:10:36.293557+00:00
exp-e5952536f39f,115,campus-gateway-unreachable,campus-basic,adaptive,20261011,client-1,web-1,web,GATEWAY_UNREACHABLE,l-client1-access,LINK_FAILURE,0.901744,l-client1-access,moderate,1,1,1,0,confident,3,3.7406179999379674,2026-10-09T15:10:36.548849+00:00
exp-e5952536f39f,159,campus-gateway-unreachable,campus-basic,adaptive,20261012,client-1,web-1,web,GATEWAY_UNREACHABLE,l-client1-access,LINK_FAILURE,0.901744,l-client1-access,moderate,1,1,1,0,confident,3,4.998022999643581,2026-10-09T15:10:36.799797+00:00
exp-e5952536f39f,203,campus-gateway-unreachable,campus-basic,adaptive,20261013,client-1,web-1,web,GATEWAY_UNREACHABLE,l-client1-access,LINK_FAILURE,0.901744,l-client1-access,moderate,1,1,1,0,confident,3,3.4898109997811844,2026-10-09T15:10:37.079880+00:00
exp-e5952536f39f,247,campus-gateway-unreachable,campus-basic,adaptive,20261014,client-1,web-1,web,GATEWAY_UNREACHABLE,l-client1-access,LINK_FAILURE,0.901744,l-client1-access,moderate,1,1,1,0,confident,3,3.9066629997250857,2026-10-09T15:10:37.333323+00:00
exp-e5952536f39f,291,campus-gateway-unreachable,campus-basic,adaptive,20261015,client-1,web-1,web,GATEWAY_UNREACHABLE,l-client1-access,LINK_FAILURE,0.901744,l-client1-access,moderate,1,1,1,0,confident,3,3.62603899975511,2026-10-09T15:10:37.568592+00:00
exp-e5952536f39f,335,campus-gateway-unreachable,campus-basic,adaptive,20261016,client-1,web-1,web,GATEWAY_UNREACHABLE,l-client1-access,LINK_FAILURE,0.901744,l-client1-access,moderate,1,1,1,0,confident,3,4.07614400046441,2026-10-09T15:10:37.801115+00:00
exp-e5952536f39f,379,campus-gateway-unreachable,campus-basic,adaptive,20261017,client-1,web-1,web,GATEWAY_UNREACHABLE,l-client1-access,LINK_FAILURE,0.901744,l-client1-access,moderate,1,1,1,0,confident,3,3.5758440008066827,2026-10-09T15:10:38.052440+00:00
exp-e5952536f39f,423,campus-gateway-unreachable,campus-basic,adaptive,20261018,client-1,web-1,web,GATEWAY_UNREACHABLE,l-client1-access,LINK_FAILURE,0.901744,l-client1-access,moderate,1,1,1,0,confident,3,3.9173729992398876,2026-10-09T15:10:38.284777+00:00
exp-e5952536f39f,15,campus-high-latency,campus-basic,adaptive,20261009,client-1,web-1,web,HIGH_LATENCY,l-access-campus,HIGH_LATENCY,0.891741,,none,1,1,,0,confident,5,7.32324399996287,2026-10-09T15:10:35.953791+00:00
exp-e5952536f39f,59,campus-high-latency,campus-basic,adaptive,20261010,client-1,web-1,web,HIGH_LATENCY,l-access-campus,HIGH_LATENCY,0.891741,,none,1,1,,0,confident,5,6.2686040000698995,2026-10-09T15:10:36.224092+00:00
exp-e5952536f39f,103,campus-high-latency,campus-basic,adaptive,20261011,client-1,web-1,web,HIGH_LATENCY,l-access-campus,HIGH_LATENCY,0.891741,,none,1,1,,0,confident,5,6.191287000547163,2026-10-09T15:10:36.484466+00:00
exp-e5952536f39f,147,campus-high-latency,campus-basic,adaptive,20261012,client-1,web-1,web,HIGH_LATENCY,l-access-campus,HIGH_LATENCY,0.891741,,none,1,1,,0,confident,5,5.9975599997414974,2026-10-09T15:10:36.731676+00:00
exp-e5952536f39f,191,campus-high-latency,campus-basic,adaptive,20261013,client-1,web-1,web,HIGH_LATENCY,l-access-campus,HIGH_LATENCY,0.891741,,none,1,1,,0,confident,5,5.419092000011005,2026-10-09T15:10:37.008253+00:00
exp-e5952536f39f,235,campus-high-latency,campus-basic,adaptive,20261014,client-1,web-1,web,HIGH_LATENCY,l-access-campus,HIGH_LATENCY,0.891741,,none,1,1,,0,confident,5,5.20492500072578,2026-10-09T15:10:37.274245+00:00
exp-e5952536f39f,279,campus-high-latency,campus-basic,adaptive,20261015,client-1,web-1,web,HIGH_LATENCY,l-access-campus,HIGH_LATENCY,0.891741,,none,1,1,,0,confident,5,4.819073999897228,2026-10-09T15:10:37.508149+00:00
exp-e5952536f39f,323,campus-high-latency,campus-basic,adaptive,20261016,client-1,web-1,web,HIGH_LATENCY,l-access-campus,HIGH_LATENCY,0.891741,,none,1,1,,0,confident,5,5.110717000206932,2026-10-09T15:10:37.742326+00:00
exp-e5952536f39f,367,campus-high-latency,campus-basic,adaptive,20261017,client-1,web-1,web,HIGH_LATENCY,l-access-campus,HIGH_LATENCY,0.891741,,none,1,1,,0,confident,5,5.122599000060291,2026-10-09T15:10:37.992238+00:00
exp-e5952536f39f,411,campus-high-latency,campus-basic,adaptive,20261018,client-1,web-1,web,HIGH_LATENCY,l-access-campus,HIGH_LATENCY,0.891741,,none,1,1,,0,confident,5,5.782401000033133,2026-10-09T15:10:38.227846+00:00
exp-e5952536f39f,5,campus-link-down-far,campus-basic,adaptive,20261009,client-1,web-1,web,LINK_DOWN,l-campus-edge,LINK_FAILURE,0.810667,l-campus-edge,strong,1,1,1,0,confident,5,5.936724000093818,2026-10-09T15:10:35.883212+00:00
exp-e5952536f39f,49,campus-link-down-far,campus-basic,adaptive,20261010,client-1,web-1,web,LINK_DOWN,l-campus-edge,LINK_FAILURE,0.810667,l-campus-edge,strong,1,1,1,0,confident,5,5.443738999929337,2026-10-09T15:10:36.157827+00:00
exp-e5952536f39f,93,campus-link-down-far,campus-basic,adaptive,20261011,client-1,web-1,web,LINK_DOWN,l-campus-edge,LINK_FAILURE,0.810667,l-campus-edge,strong,1,1,1,0,confident,5,5.771992000518367,2026-10-09T15:10:36.419561+00:00
exp-e5952536f39f,137,campus-link-down-far,campus-basic,adaptive,20261012,client-1,web-1,web,LINK_DOWN,l-campus-edge,LINK_FAILURE,0.810667,l-campus-edge,strong,1,1,1,0,confident,5,5.134272000759665,2026-10-09T15:10:36.669622+00:00
exp-e5952536f39f,181,campus-link-down-far,campus-basic,adaptive,20261013,client-1,web-1,web,LINK_DOWN,l-campus-edge,LINK_FAILURE,0.810667,l-campus-edge,strong,1,1,1,0,confident,5,5.864987999302684,2026-10-09T15:10:36.946174+00:00
exp-e5952536f39f,225,campus-link-down-far,campus-basic,adaptive,20261014,client-1,web-1,web,LINK_DOWN,l-campus-edge,LINK_FAILURE,0.810667,l-campus-edge,strong,1,1,1,0,confident,5,5.150582999704056,2026-10-09T15:10:37.215062+00:00
exp-e5952536f39f,269,campus-link-down-far,campus-basic,adaptive,20261015,client-1,web-1,web,LINK_DOWN,l-campus-edge,LINK_FAILURE,0.810667,l-campus-edge,strong,1,1,1,0,confident,5,5.105096999614034,2026-10-09T15:10:37.448298+00:00
exp-e5952536f39f,313,campus-link-down-far,campus-basic,adaptive,20261016,client-1,web-1,web,LINK_DOWN,l-campus-edge,LINK_FAILURE,0.810667,l-campus-edge,strong,1,1,1,0,confident,5,5.06589199994778,2026-10-09T15:10:37.682382+00:00
exp-e5952536f39f,357,campus-link-down-far,campus-basic,adaptive,20261017,client-1,web-1,web,LINK_DOWN,l-campus-edge,LINK_FAILURE,0.810667,l-campus-edge,strong,1,1,1,0,confident,5,6.271299000218278,2026-10-09T15:10:37.928884+00:00
exp-e5952536f39f,401,campus-link-down-far,campus-basic,adaptive,20261018,client-1,web-1,web,LINK_DOWN,l-campus-edge,LINK_FAILURE,0.810667,l-campus-edge,strong,1,1,1,0,confident,5,5.6421949993819,2026-10-09T15:10:38.171027+00:00
exp-e5952536f39f,3,campus-link-down-near,campus-basic,adaptive,20261009,client-1,web-1,web,LINK_DOWN,l-access-campus,LINK_FAILURE,0.810667,l-access-campus,strong,1,1,1,0,confident,5,7.234616999994614,2026-10-09T15:10:35.869780+00:00
exp-e5952536f39f,47,campus-link-down-near,campus-basic,adaptive,20261010,client-1,web-1,web,LINK_DOWN,l-access-campus,LINK_FAILURE,0.810667,l-access-campus,strong,1,1,1,0,confident,5,6.183512000461633,2026-10-09T15:10:36.145199+00:00
exp-e5952536f39f,91,campus-link-down-near,campus-basic,adaptive,20261011,client-1,web-1,web,LINK_DOWN,l-access-campus,LINK_FAILURE,0.810667,l-access-campus,strong,1,1,1,0,confident,5,5.509232999429514,2026-10-09T15:10:36.406761+00:00
exp-e5952536f39f,135,campus-link-down-near,campus-basic,adaptive,20261012,client-1,web-1,web,LINK_DOWN,l-access-campus,LINK_FAILURE,0.810667,l-access-campus,strong,1,1,1,0,confident,5,5.5205139997269725,2026-10-09T15:10:36.657908+00:00
exp-e5952536f39f,179,campus-link-down-near,campus-basic,adaptive,20261013,client-1,web-1,web,LINK_DOWN,l-access-campus,LINK_FAILURE,0.810667,l-access-campus,strong,1,1,1,0,confident,5,8.028743000068062,2026-10-09T15:10:36.932918+00:00
exp-e5952536f39f,223,campus-link-down-near,campus-basic,adaptive,20261014,client-1,web-1,web,LINK_DOWN,l-access-campus,LINK_FAILURE,0.810667,l-access-campus,strong,1,1,1,0,confident,5,6.030220999491576,2026-10-09T15:10:37.202877+00:00
exp-e5952536f39f,267,campus-link-down-near,campus-basic,adaptive,20261015,client-1,web-1,web,LINK_DOWN,l-access-campus,LINK_FAILURE,0.810667,l-access-campus,strong,1,1,1,0,confident,5,5.334932000550907,2026-10-09T15:10:37.436808+00:00
exp-e5952536f39f,311,campus-link-down-near,campus-basic,adaptive,20261016,client-1,web-1,web,LINK_DOWN,l-access-campus,LINK_FAILURE,0.810667,l-access-campus,strong,1,1,1,0,confident,5,5.447936000564368,2026-10-09T15:10:37.670740+00:00
exp-e5952536f39f,355,campus-link-down-near,campus-basic,adaptive,20261017,client-1,web-1,web,LINK_DOWN,l-access-campus,LINK_FAILURE,0.810667,l-access-campus,strong,1,1,1,0,confident,5,6.571457999598351,2026-10-09T15:10:37.915214+00:00
exp-e5952536f39f,399,campus-link-down-near,campus-basic,adaptive,20261018,client-1,web-1,web,LINK_DOWN,l-access-campus,LINK_FAILURE,0.810667,l-access-campus,strong,1,1,1,0,confident,5,4.983325000466721,2026-10-09T15:10:38.158699+00:00
exp-e5952536f39f,19,campus-mtu-1000-db,campus-basic,adaptive,20261009,client-1,db-1,postgres,MTU_BLACK_HOLE,l-campus-edge,MTU_BLACK_HOLE,0.962237,l-campus-edge,strong,1,1,1,0,confident,4,7.469182000022556,2026-10-09T15:10:35.983076+00:00
exp-e5952536f39f,63,campus-mtu-1000-db,campus-basic,adaptive,20261010,client-1,db-1,postgres,MTU_BLACK_HOLE,l-campus-edge,MTU_BLACK_HOLE,0.962237,l-campus-edge,strong,1,1,1,0,confident,4,5.490968000231078,2026-10-09T15:10:36.248909+00:00
exp-e5952536f39f,107,campus-mtu-1000-db,campus-basic,adaptive,20261011,client-1,db-1,postgres,MTU_BLACK_HOLE,l-campus-edge,MTU_BLACK_HOLE,0.962237,l-campus-edge,strong,1,1,1,0,confident,4,4.8708209997130325,2026-10-09T15:10:36.506034+00:00
exp-e5952536f39f,151,campus-mtu-1000-db,campus-basic,adaptive,20261012,client-1,db-1,postgres,MTU_BLACK_HOLE,l-campus-edge,MTU_BLACK_HOLE,0.962237,l-campus-edge,strong,1,1,1,0,confident,4,5.051805000221066,2026-10-09T15:10:36.754586+00:00
exp-e5952536f39f,195,campus-mtu-1000-db,campus-basic,adaptive,20261013,client-1,db-1,postgres,MTU_BLACK_HOLE,l-campus-edge,MTU_BLACK_HOLE,0.962237,l-campus-edge,strong,1,1,1,0,confident,4,5.363396000575449,2026-10-09T15:10:37.037924+00:00
exp-e5952536f39f,239,campus-mtu-1000-db,campus-basic,adaptive,20261014,client-1,db-1,postgres,MTU_BLACK_HOLE,l-campus-edge,MTU_BLACK_HOLE,0.962237,l-campus-edge,strong,1,1,1,0,confident,4,4.233592000673525,2026-10-09T15:10:37.295786+00:00
exp-e5952536f39f,283,campus-mtu-1000-db,campus-basic,adaptive,20261015,client-1,db-1,postgres,MTU_BLACK_HOLE,l-campus-edge,MTU_BLACK_HOLE,0.962237,l-campus-edge,strong,1,1,1,0,confident,4,4.480642000089574,2026-10-09T15:10:37.528739+00:00
exp-e5952536f39f,327,campus-mtu-1000-db,campus-basic,adaptive,20261016,client-1,db-1,postgres,MTU_BLACK_HOLE,l-campus-edge,MTU_BLACK_HOLE,0.962237,l-campus-edge,strong,1,1,1,0,confident,4,4.203946000416181,2026-10-09T15:10:37.763264+00:00
exp-e5952536f39f,371,campus-mtu-1000-db,campus-basic,adaptive,20261017,client-1,db-1,postgres,MTU_BLACK_HOLE,l-campus-edge,MTU_BLACK_HOLE,0.962237,l-campus-edge,strong,1,1,1,0,confident,4,4.546686999674421,2026-10-09T15:10:38.013599+00:00
exp-e5952536f39f,415,campus-mtu-1000-db,campus-basic,adaptive,20261018,client-1,db-1,postgres,MTU_BLACK_HOLE,l-campus-edge,MTU_BLACK_HOLE,0.962237,l-campus-edge,strong,1,1,1,0,confident,4,4.512882999733847,2026-10-09T15:10:38.248199+00:00
exp-e5952536f39f,17,campus-mtu-576,campus-basic,adaptive,20261009,client-1,web-1,web,MTU_BLACK_HOLE,l-access-campus,MTU_BLACK_HOLE,0.962237,l-access-campus,strong,1,1,1,0,confident,4,5.883412999537541,2026-10-09T15:10:35.969121+00:00
exp-e5952536f39f,61,campus-mtu-576,campus-basic,adaptive,20261010,client-1,web-1,web,MTU_BLACK_HOLE,l-access-campus,MTU_BLACK_HOLE,0.962237,l-access-campus,strong,1,1,1,0,confident,4,5.7740860002013505,2026-10-09T15:10:36.236945+00:00
exp-e5952536f39f,105,campus-mtu-576,campus-basic,adaptive,20261011,client-1,web-1,web,MTU_BLACK_HOLE,l-access-campus,MTU_BLACK_HOLE,0.962237,l-access-campus,strong,1,1,1,0,confident,4,4.62822099962068,2026-10-09T15:10:36.495136+00:00
exp-e5952536f39f,149,campus-mtu-576,campus-basic,adaptive,20261012,client-1,web-1,web,MTU_BLACK_HOLE,l-access-campus,MTU_BLACK_HOLE,0.962237,l-access-campus,strong,1,1,1,0,confident,4,4.791641999872809,2026-10-09T15:10:36.742761+00:00
exp-e5952536f39f,193,campus-mtu-576,campus-basic,adaptive,20261013,client-1,web-1,web,MTU_BLACK_HOLE,l-access-campus,MTU_BLACK_HOLE,0.962237,l-access-campus,strong,1,1,1,0,confident,4,4.969798999809427,2026-10-09T15:10:37.024594+00:00
exp-e5952536f39f,237,campus-mtu-576,campus-basic,adaptive,20261014,client-1,web-1,web,MTU_BLACK_HOLE,l-access-campus,MTU_BLACK_HOLE,0.962237,l-access-campus,strong,1,1,1,0,confident,4,5.123871999785479,2026-10-09T15:10:37.285938+00:00
exp-e5952536f39f,281,campus-mtu-576,campus-basic,adaptive,20261015,client-1,web-1,web,MTU_BLACK_HOLE,l-access-campus,MTU_BLACK_HOLE,0.962237,l-access-campus,strong,1,1,1,0,confident,4,4.605989000083355,2026-10-09T15:10:37.518739+00:00
exp-e5952536f39f,325,campus-mtu-576,campus-basic,adaptive,20261016,client-1,web-1,web,MTU_BLACK_HOLE,l-access-campus,MTU_BLACK_HOLE,0.962237,l-access-campus,strong,1,1,1,0,confident,4,4.558960000395018,2026-10-09T15:10:37.753158+00:00
exp-e5952536f39f,369,campus-mtu-576,campus-basic,adaptive,20261017,client-1,web-1,web,MTU_BLACK_HOLE,l-access-campus,MTU_BLACK_HOLE,0.962237,l-access-campus,strong,1,1,1,0,confident,4,4.756856000312837,2026-10-09T15:10:38.003567+00:00
exp-e5952536f39f,413,campus-mtu-576,campus-basic,adaptive,20261018,client-1,web-1,web,MTU_BLACK_HOLE,l-access-campus,MTU_BLACK_HOLE,0.962237,l-access-campus,strong,1,1,1,0,confident,4,4.225898000186135,2026-10-09T15:10:38.237805+00:00
exp-e5952536f39f,1,campus-nofault-web,campus-basic,adaptive,20261009,client-1,web-1,web,,,NO_FAULT_DETECTED,0.967778,,none,1,1,,0,confident,4,5.681799999365467,2026-10-09T15:10:35.855937+00:00
exp-e5952536f39f,45,campus-nofault-web,campus-basic,adaptive,20261010,client-1,web-1,web,,,NO_FAULT_DETECTED,0.967778,,none,1,1,,0,confident,4,4.948448000504868,2026-10-09T15:10:36.133523+00:00
exp-e5952536f39f,89,campus-nofault-web,campus-basic,adaptive,20261011,client-1,web-1,web,,,NO_FAULT_DETECTED,0.967778,,none,1,1,,0,confident,4,4.739662999782013,2026-10-09T15:10:36.395024+00:00
exp-e5952536f39f,133,campus-nofault-web,campus-basic,adaptive,20261012,client-1,web-1,web,,,NO_FAULT_DETECTED,0.967778,,none,1,1,,0,confident,4,5.057956999735325,2026-10-09T15:10:36.645880+00:00
exp-e5952536f39f,177,campus-nofault-web,campus-basic,adaptive,20261013,client-1,web-1,web,,,NO_FAULT_DETECTED,0.967778,,none,1,1,,0,confident,4,6.824979999692005,2026-10-09T15:10:36.917278+00:00
exp-e5952536f39f,221,campus-nofault-web,campus-basic,adaptive,20261014,client-1,web-1,web,,,NO_FAULT_DETECTED,0.967778,,none,1,1,,0,confident,4,4.423593000865367,2026-10-09T15:10:37.191658+00:00
exp-e5952536f39f,265,campus-nofault-web,campus-basic,adaptive,20261015,client-1,web-1,web,,,NO_FAULT_DETECTED,0.967778,,none,1,1,,0,confident,4,4.350584999883722,2026-10-09T15:10:37.425601+00:00
exp-e5952536f39f,309,campus-nofault-web,campus-basic,adaptive,20261016,client-1,web-1,web,,,NO_FAULT_DETECTED,0.967778,,none,1,1,,0,confident,4,4.187545000604587,2026-10-09T15:10:37.659944+00:00
exp-e5952536f39f,353,campus-nofault-web,campus-basic,adaptive,20261017,client-1,web-1,web,,,NO_FAULT_DETECTED,0.967778,,none,1,1,,0,confident,4,5.646102000355313,2026-10-09T15:10:37.902885+00:00
exp-e5952536f39f,397,campus-nofault-web,campus-basic,adaptive,20261018,client-1,web-1,web,,,NO_FAULT_DETECTED,0.967778,,none,1,1,,0,confident,4,4.2139750003116205,2026-10-09T15:10:38.148123+00:00
exp-e5952536f39f,11,campus-packet-loss-moderate,campus-basic,adaptive,20261009,client-1,web-1,web,PACKET_LOSS,l-access-campus,PACKET_LOSS,0.896544,,none,1,1,,0,confident,5,5.513060999874142,2026-10-09T15:10:35.920753+00:00
exp-e5952536f39f,55,campus-packet-loss-moderate,campus-basic,adaptive,20261010,client-1,web-1,web,PACKET_LOSS,l-access-campus,MTU_BLACK_HOLE,0.583824,l-client1-access,strong,0,1,0,1,budget_exhausted,8,7.135178000680753,2026-10-09T15:10:36.195888+00:00
exp-e5952536f39f,99,campus-packet-loss-moderate,campus-basic,adaptive,20261011,client-1,web-1,web,PACKET_LOSS,l-access-campus,PACKET_LOSS,0.959892,,none,1,1,,0,confident,6,6.895862999954261,2026-10-09T15:10:36.457297+00:00
exp-e5952536f39f,143,campus-packet-loss-moderate,campus-basic,adaptive,20261012,client-1,web-1,web,PACKET_LOSS,l-access-campus,PACKET_LOSS,0.896544,,none,1,1,,0,confident,5,5.353548000130104,2026-10-09T15:10:36.704688+00:00
exp-e5952536f39f,187,campus-packet-loss-moderate,campus-basic,adaptive,20261013,client-1,web-1,web,PACKET_LOSS,l-access-campus,PACKET_LOSS,0.959892,,none,1,1,,0,confident,6,6.426453000131005,2026-10-09T15:10:36.983391+00:00
exp-e5952536f39f,231,campus-packet-loss-moderate,campus-basic,adaptive,20261014,client-1,web-1,web,PACKET_LOSS,l-access-campus,PACKET_LOSS,0.588234,,none,1,1,,1,budget_exhausted,8,6.741981000232045,2026-10-09T15:10:37.250096+00:00
exp-e5952536f39f,275,campus-packet-loss-moderate,campus-basic,adaptive,20261015,client-1,web-1,web,PACKET_LOSS,l-access-campus,PACKET_LOSS,0.588234,,none,1,1,,1,budget_exhausted,8,7.836107999537489,2026-10-09T15:10:37.484078+00:00
exp-e5952536f39f,319,campus-packet-loss-moderate,campus-basic,adaptive,20261016,client-1,web-1,web,PACKET_LOSS,l-access-campus,PACKET_LOSS,0.64096,,none,1,1,,1,budget_exhausted,8,6.508127999950375,2026-10-09T15:10:37.719177+00:00
exp-e5952536f39f,363,campus-packet-loss-moderate,campus-basic,adaptive,20261017,client-1,web-1,web,PACKET_LOSS,l-access-campus,PACKET_LOSS,0.64096,,none,1,1,,1,budget_exhausted,8,7.698495999648003,2026-10-09T15:10:37.966289+00:00
exp-e5952536f39f,407,campus-packet-loss-moderate,campus-basic,adaptive,20261018,client-1,web-1,web,PACKET_LOSS,l-access-campus,PACKET_LOSS,0.896544,,none,1,1,,0,confident,5,6.265005999921414,2026-10-09T15:10:38.204437+00:00
exp-e5952536f39f,13,campus-packet-loss-severe,campus-basic,adaptive,20261009,client-1,web-1,web,PACKET_LOSS,l-edge-web,PACKET_LOSS,0.959892,,none,1,1,,0,confident,6,7.6544330004253425,2026-10-09T15:10:35.936414+00:00
exp-e5952536f39f,57,campus-packet-loss-severe,campus-basic,adaptive,20261010,client-1,web-1,web,PACKET_LOSS,l-edge-web,PACKET_LOSS,0.959892,,none,1,1,,0,confident,6,7.090592999702494,2026-10-09T15:10:36.210124+00:00
exp-e5952536f39f,101,campus-packet-loss-severe,campus-basic,adaptive,20261011,client-1,web-1,web,PACKET_LOSS,l-edge-web,PACKET_LOSS,0.959892,,none,1,1,,0,confident,6,6.2262230003398145,2026-10-09T15:10:36.471355+00:00
exp-e5952536f39f,145,campus-packet-loss-severe,campus-basic,adaptive,20261012,client-1,web-1,web,PACKET_LOSS,l-edge-web,PACKET_LOSS,0.959892,,none,1,1,,0,confident,6,6.096688000070571,2026-10-09T15:10:36.718741+00:00
exp-e5952536f39f,189,campus-packet-loss-severe,campus-basic,adaptive,20261013,client-1,web-1,web,PACKET_LOSS,l-edge-web,PACKET_LOSS,0.952402,,none,1,1,,0,confident,6,6.276809000155481,2026-10-09T15:10:36.996187+00:00
exp-e5952536f39f,233,campus-packet-loss-severe,campus-basic,adaptive,20261014,client-1,web-1,web,PACKET_LOSS,l-edge-web,PACKET_LOSS,0.959892,,none,1,1,,0,confident,6,5.407409999861557,2026-10-09T15:10:37.261670+00:00
exp-e5952536f39f,277,campus-packet-loss-severe,campus-basic,adaptive,20261015,client-1,web-1,web,PACKET_LOSS,l-edge-web,PACKET_LOSS,0.952402,,none,1,1,,0,confident,6,5.908350000026985,2026-10-09T15:10:37.496068+00:00
exp-e5952536f39f,321,campus-packet-loss-severe,campus-basic,adaptive,20261016,client-1,web-1,web,PACKET_LOSS,l-edge-web,PACKET_LOSS,0.896544,,none,1,1,,0,confident,5,5.301048000546871,2026-10-09T15:10:37.730356+00:00
exp-e5952536f39f,365,campus-packet-loss-severe,campus-basic,adaptive,20261017,client-1,web-1,web,PACKET_LOSS,l-edge-web,PACKET_LOSS,0.959892,,none,1,1,,0,confident,6,6.792116999349673,2026-10-09T15:10:37.979850+00:00
exp-e5952536f39f,409,campus-packet-loss-severe,campus-basic,adaptive,20261018,client-1,web-1,web,PACKET_LOSS,l-edge-web,PACKET_LOSS,0.896544,,none,1,1,,0,confident,5,5.243427999630512,2026-10-09T15:10:38.216034+00:00
exp-e5952536f39f,21,campus-port-blocked-web,campus-basic,adaptive,20261009,client-1,web-1,web,TCP_PORT_BLOCKED,web-1:web,TCP_FILTER_OR_PORT_FAILURE,0.839187,web-1:80,strong,1,1,1,0,confident,4,6.275676999393909,2026-10-09T15:10:35.998723+00:00
exp-e5952536f39f,65,campus-port-blocked-web,campus-basic,adaptive,20261010,client-1,web-1,web,TCP_PORT_BLOCKED,web-1:web,TCP_FILTER_OR_PORT_FAILURE,0.839187,web-1:80,strong,1,1,1,0,confident,4,5.992559999867808,2026-10-09T15:10:36.261386+00:00
exp-e5952536f39f,109,campus-port-blocked-web,campus-basic,adaptive,20261011,client-1,web-1,web,TCP_PORT_BLOCKED,web-1:web,TCP_FILTER_OR_PORT_FAILURE,0.839187,web-1:80,strong,1,1,1,0,confident,4,5.354880000595585,2026-10-09T15:10:36.518003+00:00
exp-e5952536f39f,153,campus-port-blocked-web,campus-basic,adaptive,20261012,client-1,web-1,web,TCP_PORT_BLOCKED,web-1:web,TCP_FILTER_OR_PORT_FAILURE,0.839187,web-1:80,strong,1,1,1,0,confident,4,4.761162999784574,2026-10-09T15:10:36.766087+00:00
exp-e5952536f39f,197,campus-port-blocked-web,campus-basic,adaptive,20261013,client-1,web-1,web,TCP_PORT_BLOCKED,web-1:web,TCP_FILTER_OR_PORT_FAILURE,0.839187,web-1:80,strong,1,1,1,0,confident,4,4.572906000248622,2026-10-09T15:10:37.049161+00:00
exp-e5952536f39f,241,campus-port-blocked-web,campus-basic,adaptive,20261014,client-1,web-1,web,TCP_PORT_BLOCKED,web-1:web,TCP_FILTER_OR_PORT_FAILURE,0.839187,web-1:80,strong,1,1,1,0,confident,4,4.0577790005045244,2026-10-09T15:10:37.305626+00:00
exp-e5952536f39f,285,campus-port-blocked-web,campus-basic,adaptive,20261015,client-1,web-1,web,TCP_PORT_BLOCKED,web-1:web,TCP_FILTER_OR_PORT_FAILURE,0.839187,web-1:80,strong,1,1,1,0,confident,4,4.063270000187913,2026-10-09T15:10:37.539528+00:00
exp-e5952536f39f,329,campus-port-blocked-web,campus-basic,adaptive,20261016,client-1,web-1,web,TCP_PORT_BLOCKED,web-1:web,TCP_FILTER_OR_PORT_FAILURE,0.839187,web-1:80,strong,1,1,1,0,confident,4,4.009276999568101,2026-10-09T15:10:37.773243+00:00
exp-e5952536f39f,373,campus-port-blocked-web,campus-basic,adaptive,20261017,client-1,web-1,web,TCP_PORT_BLOCKED,web-1:web,TCP_FILTER_OR_PORT_FAILURE,0.839187,web-1:80,strong,1,1,1,0,confident,4,3.990181000517623,2026-10-09T15:10:38.023586+00:00
exp-e5952536f39f,417,campus-port-blocked-web,campus-basic,adaptive,20261018,client-1,web-1,web,TCP_PORT_BLOCKED,web-1:web,TCP_FILTER_OR_PORT_FAILURE,0.839187,web-1:80,strong,1,1,1,0,confident,4,4.014445999928284,2026-10-09T15:10:38.257796+00:00
exp-e5952536f39f,23,campus-port-rejected-db,campus-basic,adaptive,20261009,client-1,db-1,postgres,TCP_PORT_REJECTED,db-1:postgres,TCP_FILTER_OR_PORT_FAILURE,0.877038,db-1:5432,strong,1,1,1,0,confident,2,2.7011849997506943,2026-10-09T15:10:36.008057+00:00
exp-e5952536f39f,67,campus-port-rejected-db,campus-basic,adaptive,20261010,client-1,db-1,postgres,TCP_PORT_REJECTED,db-1:postgres,TCP_FILTER_OR_PORT_FAILURE,0.877038,db-1:5432,strong,1,1,1,0,confident,2,2.7235570005359477,2026-10-09T15:10:36.271728+00:00
exp-e5952536f39f,111,campus-port-rejected-db,campus-basic,adaptive,20261011,client-1,db-1,postgres,TCP_PORT_REJECTED,db-1:postgres,TCP_FILTER_OR_PORT_FAILURE,0.877038,db-1:5432,strong,1,1,1,0,confident,2,3.3189069999934873,2026-10-09T15:10:36.528550+00:00
exp-e5952536f39f,155,campus-port-rejected-db,campus-basic,adaptive,20261012,client-1,db-1,postgres,TCP_PORT_REJECTED,db-1:postgres,TCP_FILTER_OR_PORT_FAILURE,0.877038,db-1:5432,strong,1,1,1,0,confident,2,2.8521720005301177,2026-10-09T15:10:36.775874+00:00
exp-e5952536f39f,199,campus-port-rejected-db,campus-basic,adaptive,20261013,client-1,db-1,postgres,TCP_PORT_REJECTED,db-1:postgres,TCP_FILTER_OR_PORT_FAILURE,0.877038,db-1:5432,strong,1,1,1,0,confident,2,2.435229999719013,2026-10-09T15:10:37.058033+00:00
exp-e5952536f39f,243,campus-port-rejected-db,campus-basic,adaptive,20261014,client-1,db-1,postgres,TCP_PORT_REJECTED,db-1:postgres,TCP_FILTER_OR_PORT_FAILURE,0.877038,db-1:5432,strong,1,1,1,0,confident,2,2.3424940000040806,2026-10-09T15:10:37.314311+00:00
exp-e5952536f39f,287,campus-port-rejected-db,campus-basic,adaptive,20261015,client-1,db-1,postgres,TCP_PORT_REJECTED,db-1:postgres,TCP_FILTER_OR_PORT_FAILURE,0.877038,db-1:5432,strong,1,1,1,0,confident,2,2.992097000060312,2026-10-09T15:10:37.548974+00:00
exp-e5952536f39f,331,campus-port-rejected-db,campus-basic,adaptive,20261016,client-1,db-1,postgres,TCP_PORT_REJECTED,db-1:postgres,TCP_FILTER_OR_PORT_FAILURE,0.877038,db-1:5432,strong,1,1,1,0,confident,2,2.421685000626894,2026-10-09T15:10:37.781888+00:00
exp-e5952536f39f,375,campus-port-rejected-db,campus-basic,adaptive,20261017,client-1,db-1,postgres,TCP_PORT_REJECTED,db-1:postgres,TCP_FILTER_OR_PORT_FAILURE,0.877038,db-1:5432,strong,1,1,1,0,confident,2,2.327195000361826,2026-10-09T15:10:38.031901+00:00
exp-e5952536f39f,419,campus-port-rejected-db,campus-basic,adaptive,20261018,client-1,db-1,postgres,TCP_PORT_REJECTED,db-1:postgres,TCP_FILTER_OR_PORT_FAILURE,0.877038,db-1:5432,strong,1,1,1,0,confident,2,2.9429830001390656,2026-10-09T15:10:38.266728+00:00
exp-e5952536f39f,7,campus-route-blackhole,campus-basic,adaptive,20261009,client-1,web-1,web,ROUTE_BLACKHOLE,l-campus-edge,ROUTING_FAILURE,0.822768,l-campus-edge,strong,1,1,1,0,confident,5,6.4806159998624935,2026-10-09T15:10:35.896721+00:00
exp-e5952536f39f,51,campus-route-blackhole,campus-basic,adaptive,20261010,client-1,web-1,web,ROUTE_BLACKHOLE,l-campus-edge,ROUTING_FAILURE,0.822768,l-campus-edge,strong,1,1,1,0,confident,5,5.445220999718003,2026-10-09T15:10:36.171121+00:00
exp-e5952536f39f,95,campus-route-blackhole,campus-basic,adaptive,20261011,client-1,web-1,web,ROUTE_BLACKHOLE,l-campus-edge,ROUTING_FAILURE,0.822768,l-campus-edge,strong,1,1,1,0,confident,5,6.0175480002726545,2026-10-09T15:10:36.432302+00:00
exp-e5952536f39f,139,campus-route-blackhole,campus-basic,adaptive,20261012,client-1,web-1,web,ROUTE_BLACKHOLE,l-campus-edge,ROUTING_FAILURE,0.822768,l-campus-edge,strong,1,1,1,0,confident,5,5.1999959996464895,2026-10-09T15:10:36.681883+00:00
exp-e5952536f39f,183,campus-route-blackhole,campus-basic,adaptive,20261013,client-1,web-1,web,ROUTE_BLACKHOLE,l-campus-edge,ROUTING_FAILURE,0.822768,l-campus-edge,strong,1,1,1,0,confident,5,5.556903999604401,2026-10-09T15:10:36.959111+00:00
exp-e5952536f39f,227,campus-route-blackhole,campus-basic,adaptive,20261014,client-1,web-1,web,ROUTE_BLACKHOLE,l-campus-edge,ROUTING_FAILURE,0.822768,l-campus-edge,strong,1,1,1,0,confident,5,4.925074000311724,2026-10-09T15:10:37.226706+00:00
exp-e5952536f39f,271,campus-route-blackhole,campus-basic,adaptive,20261015,client-1,web-1,web,ROUTE_BLACKHOLE,l-campus-edge,ROUTING_FAILURE,0.822768,l-campus-edge,strong,1,1,1,0,confident,5,4.934352000418585,2026-10-09T15:10:37.459925+00:00
exp-e5952536f39f,315,campus-route-blackhole,campus-basic,adaptive,20261016,client-1,web-1,web,ROUTE_BLACKHOLE,l-campus-edge,ROUTING_FAILURE,0.822768,l-campus-edge,strong,1,1,1,0,confident,5,5.553326999688579,2026-10-09T15:10:37.695873+00:00
exp-e5952536f39f,359,campus-route-blackhole,campus-basic,adaptive,20261017,client-1,web-1,web,ROUTE_BLACKHOLE,l-campus-edge,ROUTING_FAILURE,0.822768,l-campus-edge,strong,1,1,1,0,confident,5,5.210285999964981,2026-10-09T15:10:37.941652+00:00
exp-e5952536f39f,403,campus-route-blackhole,campus-basic,adaptive,20261018,client-1,web-1,web,ROUTE_BLACKHOLE,l-campus-edge,ROUTING_FAILURE,0.822768,l-campus-edge,strong,1,1,1,0,confident,5,4.91583700022602,2026-10-09T15:10:38.182232+00:00
exp-e5952536f39f,25,campus-service-down-web,campus-basic,adaptive,20261009,client-1,web-1,web,SERVICE_DOWN,web-1:web,APPLICATION_SERVICE_FAILURE,0.909433,web-1:80,strong,1,1,1,0,confident,2,3.0218030005926266,2026-10-09T15:10:36.017953+00:00
exp-e5952536f39f,69,campus-service-down-web,campus-basic,adaptive,20261010,client-1,web-1,web,SERVICE_DOWN,web-1:web,APPLICATION_SERVICE_FAILURE,0.909433,web-1:80,strong,1,1,1,0,confident,2,3.0693129992869217,2026-10-09T15:10:36.282320+00:00
exp-e5952536f39f,113,campus-service-down-web,campus-basic,adaptive,20261011,client-1,web-1,web,SERVICE_DOWN,web-1:web,APPLICATION_SERVICE_FAILURE,0.909433,web-1:80,strong,1,1,1,0,confident,2,2.57702899943979,2026-10-09T15:10:36.537381+00:00
exp-e5952536f39f,157,campus-service-down-web,campus-basic,adaptive,20261012,client-1,web-1,web,SERVICE_DOWN,web-1:web,APPLICATION_SERVICE_FAILURE,0.909433,web-1:80,strong,1,1,1,0,confident,2,2.7001230000678333,2026-10-09T15:10:36.787387+00:00
exp-e5952536f39f,201,campus-service-down-web,campus-basic,adaptive,20261013,client-1,web-1,web,SERVICE_DOWN,web-1:web,APPLICATION_SERVICE_FAILURE,0.909433,web-1:80,strong,1,1,1,0,confident,2,2.73529999958555,2026-10-09T15:10:37.067743+00:00
exp-e5952536f39f,245,campus-service-down-web,campus-basic,adaptive,20261014,client-1,web-1,web,SERVICE_DOWN,web-1:web,APPLICATION_SERVICE_FAILURE,0.909433,web-1:80,strong,1,1,1,0,confident,2,2.6904040005319985,2026-10-09T15:10:37.323370+00:00
exp-e5952536f39f,289,campus-service-down-web,campus-basic,adaptive,20261015,client-1,web-1,web,SERVICE_DOWN,web-1:web,APPLICATION_SERVICE_FAILURE,0.909433,web-1:80,strong,1,1,1,0,confident,2,2.9771680001431378,2026-10-09T15:10:37.558344+00:00
exp-e5952536f39f,333,campus-service-down-web,campus-basic,adaptive,20261016,client-1,web-1,web,SERVICE_DOWN,web-1:web,APPLICATION_SERVICE_FAILURE,0.909433,web-1:80,strong,1,1,1,0,confident,2,2.3317049999604933,2026-10-09T15:10:37.790703+00:00
exp-e5952536f39f,377,campus-service-down-web,campus-basic,adaptive,20261017,client-1,web-1,web,SERVICE_DOWN,web-1:web,APPLICATION_SERVICE_FAILURE,0.909433,web-1:80,strong,1,1,1,0,confident,2,2.29497399959655,2026-10-09T15:10:38.039863+00:00
exp-e5952536f39f,421,campus-service-down-web,campus-basic,adaptive,20261018,client-1,web-1,web,SERVICE_DOWN,web-1:web,APPLICATION_SERVICE_FAILURE,0.909433,web-1:80,strong,1,1,1,0,confident,2,2.28278099984891,2026-10-09T15:10:38.275043+00:00
exp-e5952536f39f,35,multihop-dns-outage,multihop-wan,adaptive,20261009,client-1,app-1,api,DNS_FAILURE,dns-1,DNS_FAILURE,0.876636,dns-1,strong,1,1,1,0,confident,4,4.642397999305103,2026-10-09T15:10:36.074769+00:00
exp-e5952536f39f,79,multihop-dns-outage,multihop-wan,adaptive,20261010,client-1,app-1,api,DNS_FAILURE,dns-1,DNS_FAILURE,0.876636,dns-1,strong,1,1,1,0,confident,4,4.655673000343086,2026-10-09T15:10:36.339962+00:00
exp-e5952536f39f,123,multihop-dns-outage,multihop-wan,adaptive,20261011,client-1,app-1,api,DNS_FAILURE,dns-1,DNS_FAILURE,0.876636,dns-1,strong,1,1,1,0,confident,4,4.136757999731344,2026-10-09T15:10:36.593193+00:00
exp-e5952536f39f,167,multihop-dns-outage,multihop-wan,adaptive,20261012,client-1,app-1,api,DNS_FAILURE,dns-1,DNS_FAILURE,0.876636,dns-1,strong,1,1,1,0,confident,4,4.836477000026207,2026-10-09T15:10:36.852757+00:00
exp-e5952536f39f,211,multihop-dns-outage,multihop-wan,adaptive,20261013,client-1,app-1,api,DNS_FAILURE,dns-1,DNS_FAILURE,0.876636,dns-1,strong,1,1,1,0,confident,4,4.921618000480521,2026-10-09T15:10:37.141452+00:00
exp-e5952536f39f,255,multihop-dns-outage,multihop-wan,adaptive,20261014,client-1,app-1,api,DNS_FAILURE,dns-1,DNS_FAILURE,0.876636,dns-1,strong,1,1,1,0,confident,4,4.012654000689508,2026-10-09T15:10:37.374488+00:00
exp-e5952536f39f,299,multihop-dns-outage,multihop-wan,adaptive,20261015,client-1,app-1,api,DNS_FAILURE,dns-1,DNS_FAILURE,0.876636,dns-1,strong,1,1,1,0,confident,4,4.066055000294,2026-10-09T15:10:37.609628+00:00
exp-e5952536f39f,343,multihop-dns-outage,multihop-wan,adaptive,20261016,client-1,app-1,api,DNS_FAILURE,dns-1,DNS_FAILURE,0.876636,dns-1,strong,1,1,1,0,confident,4,4.810206999536604,2026-10-09T15:10:37.845970+00:00
exp-e5952536f39f,387,multihop-dns-outage,multihop-wan,adaptive,20261017,client-1,app-1,api,DNS_FAILURE,dns-1,DNS_FAILURE,0.876636,dns-1,strong,1,1,1,0,confident,4,4.0400949992545065,2026-10-09T15:10:38.097087+00:00
exp-e5952536f39f,431,multihop-dns-outage,multihop-wan,adaptive,20261018,client-1,app-1,api,DNS_FAILURE,dns-1,DNS_FAILURE,0.876636,dns-1,strong,1,1,1,0,confident,4,4.34795999990456,2026-10-09T15:10:38.325696+00:00
exp-e5952536f39f,37,multihop-latency-wan,multihop-wan,adaptive,20261009,client-1,app-1,api,HIGH_LATENCY,l-core-branch,HIGH_LATENCY,0.891741,,none,1,1,,0,confident,5,5.8775719999175635,2026-10-09T15:10:36.086947+00:00
exp-e5952536f39f,81,multihop-latency-wan,multihop-wan,adaptive,20261010,client-1,app-1,api,HIGH_LATENCY,l-core-branch,HIGH_LATENCY,0.891741,,none,1,1,,0,confident,5,5.865950000043085,2026-10-09T15:10:36.351987+00:00
exp-e5952536f39f,125,multihop-latency-wan,multihop-wan,adaptive,20261011,client-1,app-1,api,HIGH_LATENCY,l-core-branch,HIGH_LATENCY,0.891741,,none,1,1,,0,confident,5,5.414213000221935,2026-10-09T15:10:36.604288+00:00
exp-e5952536f39f,169,multihop-latency-wan,multihop-wan,adaptive,20261012,client-1,app-1,api,HIGH_LATENCY,l-core-branch,HIGH_LATENCY,0.891741,,none,1,1,,0,confident,5,6.681125999421056,2026-10-09T15:10:36.866188+00:00
exp-e5952536f39f,213,multihop-latency-wan,multihop-wan,adaptive,20261013,client-1,app-1,api,HIGH_LATENCY,l-core-branch,HIGH_LATENCY,0.891741,,none,1,1,,0,confident,5,5.161071999282285,2026-10-09T15:10:37.152116+00:00
exp-e5952536f39f,257,multihop-latency-wan,multihop-wan,adaptive,20261014,client-1,app-1,api,HIGH_LATENCY,l-core-branch,HIGH_LATENCY,0.891741,,none,1,1,,0,confident,5,5.443166999612004,2026-10-09T15:10:37.385647+00:00
exp-e5952536f39f,301,multihop-latency-wan,multihop-wan,adaptive,20261015,client-1,app-1,api,HIGH_LATENCY,l-core-branch,HIGH_LATENCY,0.891741,,none,1,1,,0,confident,5,5.624652000733477,2026-10-09T15:10:37.620579+00:00
exp-e5952536f39f,345,multihop-latency-wan,multihop-wan,adaptive,20261016,client-1,app-1,api,HIGH_LATENCY,l-core-branch,HIGH_LATENCY,0.891741,,none,1,1,,0,confident,5,5.039110999859986,2026-10-09T15:10:37.857940+00:00
exp-e5952536f39f,389,multihop-latency-wan,multihop-wan,adaptive,20261017,client-1,app-1,api,HIGH_LATENCY,l-core-branch,HIGH_LATENCY,0.891741,,none,1,1,,0,confident,5,4.837528999814822,2026-10-09T15:10:38.108321+00:00
exp-e5952536f39f,433,multihop-latency-wan,multihop-wan,adaptive,20261018,client-1,app-1,api,HIGH_LATENCY,l-core-branch,HIGH_LATENCY,0.891741,,none,1,1,,0,confident,5,5.009013000744744,2026-10-09T15:10:38.336382+00:00
exp-e5952536f39f,31,multihop-link-down-core-branch,multihop-wan,adaptive,20261009,client-1,app-1,api,LINK_DOWN,l-core-branch,LINK_FAILURE,0.810667,l-core-branch,strong,1,1,1,0,confident,5,6.16446599997289,2026-10-09T15:10:36.050693+00:00
exp-e5952536f39f,75,multihop-link-down-core-branch,multihop-wan,adaptive,20261010,client-1,app-1,api,LINK_DOWN,l-core-branch,LINK_FAILURE,0.810667,l-core-branch,strong,1,1,1,0,confident,5,6.110082000304828,2026-10-09T15:10:36.315574+00:00
exp-e5952536f39f,119,multihop-link-down-core-branch,multihop-wan,adaptive,20261011,client-1,app-1,api,LINK_DOWN,l-core-branch,LINK_FAILURE,0.810667,l-core-branch,strong,1,1,1,0,confident,5,5.5735549995006295,2026-10-09T15:10:36.570842+00:00
exp-e5952536f39f,163,multihop-link-down-core-branch,multihop-wan,adaptive,20261012,client-1,app-1,api,LINK_DOWN,l-core-branch,LINK_FAILURE,0.810667,l-core-branch,strong,1,1,1,0,confident,5,6.565787999534223,2026-10-09T15:10:36.823972+00:00
exp-e5952536f39f,207,multihop-link-down-core-branch,multihop-wan,adaptive,20261013,client-1,app-1,api,LINK_DOWN,l-core-branch,LINK_FAILURE,0.810667,l-core-branch,strong,1,1,1,0,confident,5,10.701643999709631,2026-10-09T15:10:37.108932+00:00
exp-e5952536f39f,251,multihop-link-down-core-branch,multihop-wan,adaptive,20261014,client-1,app-1,api,LINK_DOWN,l-core-branch,LINK_FAILURE,0.810667,l-core-branch,strong,1,1,1,0,confident,5,5.272964999676333,2026-10-09T15:10:37.352909+00:00
exp-e5952536f39f,295,multihop-link-down-core-branch,multihop-wan,adaptive,20261015,client-1,app-1,api,LINK_DOWN,l-core-branch,LINK_FAILURE,0.810667,l-core-branch,strong,1,1,1,0,confident,5,5.402310000135913,2026-10-09T15:10:37.588208+00:00
exp-e5952536f39f,339,multihop-link-down-core-branch,multihop-wan,adaptive,20261016,client-1,app-1,api,LINK_DOWN,l-core-branch,LINK_FAILURE,0.810667,l-core-branch,strong,1,1,1,0,confident,5,5.721986999560613,2026-10-09T15:10:37.821734+00:00
exp-e5952536f39f,383,multihop-link-down-core-branch,multihop-wan,adaptive,20261017,client-1,app-1,api,LINK_DOWN,l-core-branch,LINK_FAILURE,0.810667,l-core-branch,strong,1,1,1,0,confident,5,5.200917999900412,2026-10-09T15:10:38.074863+00:00
exp-e5952536f39f,427,multihop-link-down-core-branch,multihop-wan,adaptive,20261018,client-1,app-1,api,LINK_DOWN,l-core-branch,LINK_FAILURE,0.810667,l-core-branch,strong,1,1,1,0,confident,5,5.411146999904304,2026-10-09T15:10:38.304570+00:00
exp-e5952536f39f,39,multihop-mtu-edge-core,multihop-wan,adaptive,20261009,client-1,app-1,api,MTU_BLACK_HOLE,l-edge-core,MTU_BLACK_HOLE,0.962237,l-edge-core,strong,1,1,1,0,confident,4,5.292191000080493,2026-10-09T15:10:36.100903+00:00
exp-e5952536f39f,83,multihop-mtu-edge-core,multihop-wan,adaptive,20261010,client-1,app-1,api,MTU_BLACK_HOLE,l-edge-core,MTU_BLACK_HOLE,0.962237,l-edge-core,strong,1,1,1,0,confident,4,5.087391999950341,2026-10-09T15:10:36.363013+00:00
exp-e5952536f39f,127,multihop-mtu-edge-core,multihop-wan,adaptive,20261011,client-1,app-1,api,MTU_BLACK_HOLE,l-edge-core,MTU_BLACK_HOLE,0.962237,l-edge-core,strong,1,1,1,0,confident,4,4.443329999958223,2026-10-09T15:10:36.614905+00:00
exp-e5952536f39f,171,multihop-mtu-edge-core,multihop-wan,adaptive,20261012,client-1,app-1,api,MTU_BLACK_HOLE,l-edge-core,MTU_BLACK_HOLE,0.962237,l-edge-core,strong,1,1,1,0,confident,4,5.158848000064609,2026-10-09T15:10:36.878816+00:00
exp-e5952536f39f,215,multihop-mtu-edge-core,multihop-wan,adaptive,20261013,client-1,app-1,api,MTU_BLACK_HOLE,l-edge-core,MTU_BLACK_HOLE,0.962237,l-edge-core,strong,1,1,1,0,confident,4,4.040946999339212,2026-10-09T15:10:37.162064+00:00
exp-e5952536f39f,259,multihop-mtu-edge-core,multihop-wan,adaptive,20261014,client-1,app-1,api,MTU_BLACK_HOLE,l-edge-core,MTU_BLACK_HOLE,0.962237,l-edge-core,strong,1,1,1,0,confident,4,4.394547999254428,2026-10-09T15:10:37.395671+00:00
exp-e5952536f39f,303,multihop-mtu-edge-core,multihop-wan,adaptive,20261015,client-1,app-1,api,MTU_BLACK_HOLE,l-edge-core,MTU_BLACK_HOLE,0.962237,l-edge-core,strong,1,1,1,0,confident,4,4.181162999884691,2026-10-09T15:10:37.630570+00:00
exp-e5952536f39f,347,multihop-mtu-edge-core,multihop-wan,adaptive,20261016,client-1,app-1,api,MTU_BLACK_HOLE,l-edge-core,MTU_BLACK_HOLE,0.962237,l-edge-core,strong,1,1,1,0,confident,4,5.412559999967925,2026-10-09T15:10:37.869584+00:00
exp-e5952536f39f,391,multihop-mtu-edge-core,multihop-wan,adaptive,20261017,client-1,app-1,api,MTU_BLACK_HOLE,l-edge-core,MTU_BLACK_HOLE,0.962237,l-edge-core,strong,1,1,1,0,confident,4,4.358538999440498,2026-10-09T15:10:38.118995+00:00
exp-e5952536f39f,435,multihop-mtu-edge-core,multihop-wan,adaptive,20261018,client-1,app-1,api,MTU_BLACK_HOLE,l-edge-core,MTU_BLACK_HOLE,0.962237,l-edge-core,strong,1,1,1,0,confident,4,4.160033000516705,2026-10-09T15:10:38.346416+00:00
exp-e5952536f39f,29,multihop-nofault-api,multihop-wan,adaptive,20261009,client-1,app-1,api,,,NO_FAULT_DETECTED,0.967778,,none,1,1,,0,confident,4,4.538029999821447,2026-10-09T15:10:36.038145+00:00
exp-e5952536f39f,73,multihop-nofault-api,multihop-wan,adaptive,20261010,client-1,app-1,api,,,NO_FAULT_DETECTED,0.967778,,none,1,1,,0,confident,4,4.978424999535491,2026-10-09T15:10:36.303690+00:00
exp-e5952536f39f,117,multihop-nofault-api,multihop-wan,adaptive,20261011,client-1,app-1,api,,,NO_FAULT_DETECTED,0.967778,,none,1,1,,0,confident,4,4.758147999382345,2026-10-09T15:10:36.559030+00:00
exp-e5952536f39f,161,multihop-nofault-api,multihop-wan,adaptive,20261012,client-1,app-1,api,,,NO_FAULT_DETECTED,0.967778,,none,1,1,,0,confident,4,5.269599000712333,2026-10-09T15:10:36.810851+00:00
exp-e5952536f39f,205,multihop-nofault-api,multihop-wan,adaptive,20261013,client-1,app-1,api,,,NO_FAULT_DETECTED,0.967778,,none,1,1,,0,confident,4,4.873074999522942,2026-10-09T15:10:37.090401+00:00
exp-e5952536f39f,249,multihop-nofault-api,multihop-wan,adaptive,20261014,client-1,app-1,api,,,NO_FAULT_DETECTED,0.967778,,none,1,1,,0,confident,4,4.056296000271686,2026-10-09T15:10:37.342254+00:00
exp-e5952536f39f,293,multihop-nofault-api,multihop-wan,adaptive,20261015,client-1,app-1,api,,,NO_FAULT_DETECTED,0.967778,,none,1,1,,0,confident,4,4.10437800019281,2026-10-09T15:10:37.577421+00:00
exp-e5952536f39f,337,multihop-nofault-api,multihop-wan,adaptive,20261016,client-1,app-1,api,,,NO_FAULT_DETECTED,0.967778,,none,1,1,,0,confident,4,4.185040999800549,2026-10-09T15:10:37.810502+00:00
exp-e5952536f39f,381,multihop-nofault-api,multihop-wan,adaptive,20261017,client-1,app-1,api,,,NO_FAULT_DETECTED,0.967778,,none,1,1,,0,confident,4,4.493545000514132,2026-10-09T15:10:38.062895+00:00
exp-e5952536f39f,425,multihop-nofault-api,multihop-wan,adaptive,20261018,client-1,app-1,api,,,NO_FAULT_DETECTED,0.967778,,none,1,1,,0,confident,4,4.156617000262486,2026-10-09T15:10:38.293869+00:00
exp-e5952536f39f,41,multihop-port-blocked-admin,multihop-wan,adaptive,20261009,client-1,app-1,admin,TCP_PORT_BLOCKED,app-1:admin,TCP_FILTER_OR_PORT_FAILURE,0.839187,app-1:9090,strong,1,1,1,0,confident,4,5.021046000365459,2026-10-09T15:10:36.111519+00:00
exp-e5952536f39f,85,multihop-port-blocked-admin,multihop-wan,adaptive,20261010,client-1,app-1,admin,TCP_PORT_BLOCKED,app-1:admin,TCP_FILTER_OR_PORT_FAILURE,0.839187,app-1:9090,strong,1,1,1,0,confident,4,4.817379999622062,2026-10-09T15:10:36.373967+00:00
exp-e5952536f39f,129,multihop-port-blocked-admin,multihop-wan,adaptive,20261011,client-1,app-1,admin,TCP_PORT_BLOCKED,app-1:admin,TCP_FILTER_OR_PORT_FAILURE,0.839187,app-1:9090,strong,1,1,1,0,confident,4,4.509936999966158,2026-10-09T15:10:36.625117+00:00
exp-e5952536f39f,173,multihop-port-blocked-admin,multihop-wan,adaptive,20261012,client-1,app-1,admin,TCP_PORT_BLOCKED,app-1:admin,TCP_FILTER_OR_PORT_FAILURE,0.839187,app-1:9090,strong,1,1,1,0,confident,4,5.474235999827215,2026-10-09T15:10:36.891338+00:00
exp-e5952536f39f,217,multihop-port-blocked-admin,multihop-wan,adaptive,20261013,client-1,app-1,admin,TCP_PORT_BLOCKED,app-1:admin,TCP_FILTER_OR_PORT_FAILURE,0.839187,app-1:9090,strong,1,1,1,0,confident,4,4.0481610003553214,2026-10-09T15:10:37.171513+00:00
exp-e5952536f39f,261,multihop-port-blocked-admin,multihop-wan,adaptive,20261014,client-1,app-1,admin,TCP_PORT_BLOCKED,app-1:admin,TCP_FILTER_OR_PORT_FAILURE,0.839187,app-1:9090,strong,1,1,1,0,confident,4,4.041408000375668,2026-10-09T15:10:37.406061+00:00
exp-e5952536f39f,305,multihop-port-blocked-admin,multihop-wan,adaptive,20261015,client-1,app-1,admin,TCP_PORT_BLOCKED,app-1:admin,TCP_FILTER_OR_PORT_FAILURE,0.839187,app-1:9090,strong,1,1,1,0,confident,4,3.9848110000093584,2026-10-09T15:10:37.640975+00:00
exp-e5952536f39f,349,multihop-port-blocked-admin,multihop-wan,adaptive,20261016,client-1,app-1,admin,TCP_PORT_BLOCKED,app-1:admin,TCP_FILTER_OR_PORT_FAILURE,0.839187,app-1:9090,strong,1,1,1,0,confident,4,4.560123000374006,2026-10-09T15:10:37.880286+00:00
exp-e5952536f39f,393,multihop-port-blocked-admin,multihop-wan,adaptive,20261017,client-1,app-1,admin,TCP_PORT_BLOCKED,app-1:admin,TCP_FILTER_OR_PORT_FAILURE,0.839187,app-1:9090,strong,1,1,1,0,confident,4,4.546606000076281,2026-10-09T15:10:38.128897+00:00
exp-e5952536f39f,437,multihop-port-blocked-admin,multihop-wan,adaptive,20261018,client-1,app-1,admin,TCP_PORT_BLOCKED,app-1:admin,TCP_FILTER_OR_PORT_FAILURE,0.839187,app-1:9090,strong,1,1,1,0,confident,4,3.939795999940543,2026-10-09T15:10:38.355825+00:00
exp-e5952536f39f,33,multihop-route-blackhole,multihop-wan,adaptive,20261009,client-1,app-1,api,ROUTE_BLACKHOLE,l-edge-core,ROUTING_FAILURE,0.822768,l-edge-core,strong,1,1,1,0,confident,5,6.082210000386112,2026-10-09T15:10:36.063496+00:00
exp-e5952536f39f,77,multihop-route-blackhole,multihop-wan,adaptive,20261010,client-1,app-1,api,ROUTE_BLACKHOLE,l-edge-core,ROUTING_FAILURE,0.822768,l-edge-core,strong,1,1,1,0,confident,5,6.185715999890817,2026-10-09T15:10:36.328570+00:00
exp-e5952536f39f,121,multihop-route-blackhole,multihop-wan,adaptive,20261011,client-1,app-1,api,ROUTE_BLACKHOLE,l-edge-core,ROUTING_FAILURE,0.822768,l-edge-core,strong,1,1,1,0,confident,5,5.134301999532909,2026-10-09T15:10:36.582388+00:00
exp-e5952536f39f,165,multihop-route-blackhole,multihop-wan,adaptive,20261012,client-1,app-1,api,ROUTE_BLACKHOLE,l-edge-core,ROUTING_FAILURE,0.822768,l-edge-core,strong,1,1,1,0,confident,5,6.35625999984768,2026-10-09T15:10:36.838937+00:00
exp-e5952536f39f,209,multihop-route-blackhole,multihop-wan,adaptive,20261013,client-1,app-1,api,ROUTE_BLACKHOLE,l-edge-core,ROUTING_FAILURE,0.822768,l-edge-core,strong,1,1,1,0,confident,5,10.578571000223747,2026-10-09T15:10:37.129617+00:00
exp-e5952536f39f,253,multihop-route-blackhole,multihop-wan,adaptive,20261014,client-1,app-1,api,ROUTE_BLACKHOLE,l-edge-core,ROUTING_FAILURE,0.822768,l-edge-core,strong,1,1,1,0,confident,5,5.169347999981255,2026-10-09T15:10:37.364107+00:00
exp-e5952536f39f,297,multihop-route-blackhole,multihop-wan,adaptive,20261015,client-1,app-1,api,ROUTE_BLACKHOLE,l-edge-core,ROUTING_FAILURE,0.822768,l-edge-core,strong,1,1,1,0,confident,5,5.031306000091718,2026-10-09T15:10:37.599332+00:00
exp-e5952536f39f,341,multihop-route-blackhole,multihop-wan,adaptive,20261016,client-1,app-1,api,ROUTE_BLACKHOLE,l-edge-core,ROUTING_FAILURE,0.822768,l-edge-core,strong,1,1,1,0,confident,5,5.982130000120378,2026-10-09T15:10:37.834389+00:00
exp-e5952536f39f,385,multihop-route-blackhole,multihop-wan,adaptive,20261017,client-1,app-1,api,ROUTE_BLACKHOLE,l-edge-core,ROUTING_FAILURE,0.822768,l-edge-core,strong,1,1,1,0,confident,5,6.091137000112212,2026-10-09T15:10:38.087358+00:00
exp-e5952536f39f,429,multihop-route-blackhole,multihop-wan,adaptive,20261018,client-1,app-1,api,ROUTE_BLACKHOLE,l-edge-core,ROUTING_FAILURE,0.822768,l-edge-core,strong,1,1,1,0,confident,5,4.778486000759585,2026-10-09T15:10:38.315459+00:00
exp-e5952536f39f,43,multihop-service-down-api,multihop-wan,adaptive,20261009,client-1,app-1,api,SERVICE_DOWN,app-1:api,APPLICATION_SERVICE_FAILURE,0.909433,app-1:8080,strong,1,1,1,0,confident,2,3.6175040004309267,2026-10-09T15:10:36.122046+00:00
exp-e5952536f39f,87,multihop-service-down-api,multihop-wan,adaptive,20261010,client-1,app-1,api,SERVICE_DOWN,app-1:api,APPLICATION_SERVICE_FAILURE,0.909433,app-1:8080,strong,1,1,1,0,confident,2,2.776116999484657,2026-10-09T15:10:36.383700+00:00
exp-e5952536f39f,131,multihop-service-down-api,multihop-wan,adaptive,20261011,client-1,app-1,api,SERVICE_DOWN,app-1:api,APPLICATION_SERVICE_FAILURE,0.909433,app-1:8080,strong,1,1,1,0,confident,2,2.6300500003344496,2026-10-09T15:10:36.634339+00:00
exp-e5952536f39f,175,multihop-service-down-api,multihop-wan,adaptive,20261012,client-1,app-1,api,SERVICE_DOWN,app-1:api,APPLICATION_SERVICE_FAILURE,0.909433,app-1:8080,strong,1,1,1,0,confident,2,3.092276999268506,2026-10-09T15:10:36.902826+00:00
exp-e5952536f39f,219,multihop-service-down-api,multihop-wan,adaptive,20261013,client-1,app-1,api,SERVICE_DOWN,app-1:api,APPLICATION_SERVICE_FAILURE,0.909433,app-1:8080,strong,1,1,1,0,confident,2,2.6998129997082287,2026-10-09T15:10:37.180470+00:00
exp-e5952536f39f,263,multihop-service-down-api,multihop-wan,adaptive,20261014,client-1,app-1,api,SERVICE_DOWN,app-1:api,APPLICATION_SERVICE_FAILURE,0.909433,app-1:8080,strong,1,1,1,0,confident,2,3.1034580006235046,2026-10-09T15:10:37.415088+00:00
exp-e5952536f39f,307,multihop-service-down-api,multihop-wan,adaptive,20261015,client-1,app-1,api,SERVICE_DOWN,app-1:api,APPLICATION_SERVICE_FAILURE,0.909433,app-1:8080,strong,1,1,1,0,confident,2,2.634067999679246,2026-10-09T15:10:37.649505+00:00
exp-e5952536f39f,351,multihop-service-down-api,multihop-wan,adaptive,20261016,client-1,app-1,api,SERVICE_DOWN,app-1:api,APPLICATION_SERVICE_FAILURE,0.909433,app-1:8080,strong,1,1,1,0,confident,2,2.4673110001458554,2026-10-09T15:10:37.890542+00:00
exp-e5952536f39f,395,multihop-service-down-api,multihop-wan,adaptive,20261017,client-1,app-1,api,SERVICE_DOWN,app-1:api,APPLICATION_SERVICE_FAILURE,0.909433,app-1:8080,strong,1,1,1,0,confident,2,2.690094000172394,2026-10-09T15:10:38.138190+00:00
exp-e5952536f39f,439,multihop-service-down-api,multihop-wan,adaptive,20261018,client-1,app-1,api,SERVICE_DOWN,app-1:api,APPLICATION_SERVICE_FAILURE,0.909433,app-1:8080,strong,1,1,1,0,confident,2,2.936992000286409,2026-10-09T15:10:38.365438+00:00
exp-e5952536f39f,10,campus-dns-outage,campus-basic,baseline,20261009,client-1,web-1,web,DNS_FAILURE,dns-1,DNS_FAILURE,0.847915,dns-1,strong,1,1,1,0,confident,6,2.351260999603255,2026-10-09T15:10:35.913097+00:00
exp-e5952536f39f,54,campus-dns-outage,campus-basic,baseline,20261010,client-1,web-1,web,DNS_FAILURE,dns-1,DNS_FAILURE,0.847915,dns-1,strong,1,1,1,0,confident,6,2.4479640005665715,2026-10-09T15:10:36.186861+00:00
exp-e5952536f39f,98,campus-dns-outage,campus-basic,baseline,20261011,client-1,web-1,web,DNS_FAILURE,dns-1,DNS_FAILURE,0.847915,dns-1,strong,1,1,1,0,confident,6,2.3412420005115564,2026-10-09T15:10:36.448323+00:00
exp-e5952536f39f,142,campus-dns-outage,campus-basic,baseline,20261012,client-1,web-1,web,DNS_FAILURE,dns-1,DNS_FAILURE,0.847915,dns-1,strong,1,1,1,0,confident,6,2.0006759996249457,2026-10-09T15:10:36.697293+00:00
exp-e5952536f39f,186,campus-dns-outage,campus-basic,baseline,20261013,client-1,web-1,web,DNS_FAILURE,dns-1,DNS_FAILURE,0.847915,dns-1,strong,1,1,1,0,confident,6,1.7868510003609117,2026-10-09T15:10:36.975117+00:00
exp-e5952536f39f,230,campus-dns-outage,campus-basic,baseline,20261014,client-1,web-1,web,DNS_FAILURE,dns-1,DNS_FAILURE,0.847915,dns-1,strong,1,1,1,0,confident,6,1.9837539994114195,2026-10-09T15:10:37.241296+00:00
exp-e5952536f39f,274,campus-dns-outage,campus-basic,baseline,20261015,client-1,web-1,web,DNS_FAILURE,dns-1,DNS_FAILURE,0.847915,dns-1,strong,1,1,1,0,confident,6,1.6218480004681624,2026-10-09T15:10:37.474419+00:00
exp-e5952536f39f,318,campus-dns-outage,campus-basic,baseline,20261016,client-1,web-1,web,DNS_FAILURE,dns-1,DNS_FAILURE,0.847915,dns-1,strong,1,1,1,0,confident,6,1.680197000496264,2026-10-09T15:10:37.710740+00:00
exp-e5952536f39f,362,campus-dns-outage,campus-basic,baseline,20261017,client-1,web-1,web,DNS_FAILURE,dns-1,DNS_FAILURE,0.847915,dns-1,strong,1,1,1,0,confident,6,1.6329780000887695,2026-10-09T15:10:37.956739+00:00
exp-e5952536f39f,406,campus-dns-outage,campus-basic,baseline,20261018,client-1,web-1,web,DNS_FAILURE,dns-1,DNS_FAILURE,0.847915,dns-1,strong,1,1,1,0,confident,6,1.63848899956065,2026-10-09T15:10:38.196239+00:00
exp-e5952536f39f,28,campus-gateway-unreachable,campus-basic,baseline,20261009,client-1,web-1,web,GATEWAY_UNREACHABLE,l-client1-access,LINK_FAILURE,0.85043,l-client1-access,moderate,1,1,1,0,confident,3,1.2078419995305012,2026-10-09T15:10:36.031721+00:00
exp-e5952536f39f,72,campus-gateway-unreachable,campus-basic,baseline,20261010,client-1,web-1,web,GATEWAY_UNREACHABLE,l-client1-access,LINK_FAILURE,0.85043,l-client1-access,moderate,1,1,1,0,confident,3,1.153547999820148,2026-10-09T15:10:36.296735+00:00
exp-e5952536f39f,116,campus-gateway-unreachable,campus-basic,baseline,20261011,client-1,web-1,web,GATEWAY_UNREACHABLE,l-client1-access,LINK_FAILURE,0.85043,l-client1-access,moderate,1,1,1,0,confident,3,1.1655509997581248,2026-10-09T15:10:36.552397+00:00
exp-e5952536f39f,160,campus-gateway-unreachable,campus-basic,baseline,20261012,client-1,web-1,web,GATEWAY_UNREACHABLE,l-client1-access,LINK_FAILURE,0.85043,l-client1-access,moderate,1,1,1,0,confident,3,1.3217480000093929,2026-10-09T15:10:36.803481+00:00
exp-e5952536f39f,204,campus-gateway-unreachable,campus-basic,baseline,20261013,client-1,web-1,web,GATEWAY_UNREACHABLE,l-client1-access,LINK_FAILURE,0.85043,l-client1-access,moderate,1,1,1,0,confident,3,1.6467749992443714,2026-10-09T15:10:37.083504+00:00
exp-e5952536f39f,248,campus-gateway-unreachable,campus-basic,baseline,20261014,client-1,web-1,web,GATEWAY_UNREACHABLE,l-client1-access,LINK_FAILURE,0.85043,l-client1-access,moderate,1,1,1,0,confident,3,1.0013500004788511,2026-10-09T15:10:37.336443+00:00
exp-e5952536f39f,292,campus-gateway-unreachable,campus-basic,baseline,20261015,client-1,web-1,web,GATEWAY_UNREACHABLE,l-client1-access,LINK_FAILURE,0.85043,l-client1-access,moderate,1,1,1,0,confident,3,0.972966000517772,2026-10-09T15:10:37.571585+00:00
exp-e5952536f39f,336,campus-gateway-unreachable,campus-basic,baseline,20261016,client-1,web-1,web,GATEWAY_UNREACHABLE,l-client1-access,LINK_FAILURE,0.85043,l-client1-access,moderate,1,1,1,0,confident,3,1.2956990003658575,2026-10-09T15:10:37.804435+00:00
exp-e5952536f39f,380,campus-gateway-unreachable,campus-basic,baseline,20261017,client-1,web-1,web,GATEWAY_UNREACHABLE,l-client1-access,LINK_FAILURE,0.85043,l-client1-access,moderate,1,1,1,0,confident,3,0.95574300030421,2026-10-09T15:10:38.056639+00:00
exp-e5952536f39f,424,campus-gateway-unreachable,campus-basic,baseline,20261018,client-1,web-1,web,GATEWAY_UNREACHABLE,l-client1-access,LINK_FAILURE,0.85043,l-client1-access,moderate,1,1,1,0,confident,3,1.2003269994238508,2026-10-09T15:10:38.287806+00:00
exp-e5952536f39f,16,campus-high-latency,campus-basic,baseline,20261009,client-1,web-1,web,HIGH_LATENCY,l-access-campus,HIGH_LATENCY,0.814501,,none,1,1,,0,confident,7,4.736496999612427,2026-10-09T15:10:35.960807+00:00
exp-e5952536f39f,60,campus-high-latency,campus-basic,baseline,20261010,client-1,web-1,web,HIGH_LATENCY,l-access-campus,HIGH_LATENCY,0.814501,,none,1,1,,0,confident,7,2.77478499992867,2026-10-09T15:10:36.229047+00:00
exp-e5952536f39f,104,campus-high-latency,campus-basic,baseline,20261011,client-1,web-1,web,HIGH_LATENCY,l-access-campus,HIGH_LATENCY,0.814501,,none,1,1,,0,confident,7,2.0970689993191627,2026-10-09T15:10:36.488670+00:00
exp-e5952536f39f,148,campus-high-latency,campus-basic,baseline,20261012,client-1,web-1,web,HIGH_LATENCY,l-access-campus,HIGH_LATENCY,0.814501,,none,1,1,,0,confident,7,2.255939999486145,2026-10-09T15:10:36.735966+00:00
exp-e5952536f39f,192,campus-high-latency,campus-basic,baseline,20261013,client-1,web-1,web,HIGH_LATENCY,l-access-campus,HIGH_LATENCY,0.814501,,none,1,1,,0,confident,7,2.5033199999597855,2026-10-09T15:10:37.016045+00:00
exp-e5952536f39f,236,campus-high-latency,campus-basic,baseline,20261014,client-1,web-1,web,HIGH_LATENCY,l-access-campus,HIGH_LATENCY,0.814501,,none,1,1,,0,confident,7,2.603899999485293,2026-10-09T15:10:37.278841+00:00
exp-e5952536f39f,280,campus-high-latency,campus-basic,baseline,20261015,client-1,web-1,web,HIGH_LATENCY,l-access-campus,HIGH_LATENCY,0.814501,,none,1,1,,0,confident,7,2.1697770007449435,2026-10-09T15:10:37.512173+00:00
exp-e5952536f39f,324,campus-high-latency,campus-basic,baseline,20261016,client-1,web-1,web,HIGH_LATENCY,l-access-campus,HIGH_LATENCY,0.814501,,none,1,1,,0,confident,7,2.351431000533921,2026-10-09T15:10:37.746644+00:00
exp-e5952536f39f,368,campus-high-latency,campus-basic,baseline,20261017,client-1,web-1,web,HIGH_LATENCY,l-access-campus,HIGH_LATENCY,0.814501,,none,1,1,,0,confident,7,2.485166000042227,2026-10-09T15:10:37.996823+00:00
exp-e5952536f39f,412,campus-high-latency,campus-basic,baseline,20261018,client-1,web-1,web,HIGH_LATENCY,l-access-campus,HIGH_LATENCY,0.814501,,none,1,1,,0,confident,7,1.9332279998707236,2026-10-09T15:10:38.231608+00:00
exp-e5952536f39f,6,campus-link-down-far,campus-basic,baseline,20261009,client-1,web-1,web,LINK_DOWN,l-campus-edge,ROUTING_FAILURE,0.669625,l-campus-edge,strong,0,1,1,1,budget_exhausted,8,2.8441559998100274,2026-10-09T15:10:35.888110+00:00
exp-e5952536f39f,50,campus-link-down-far,campus-basic,baseline,20261010,client-1,web-1,web,LINK_DOWN,l-campus-edge,ROUTING_FAILURE,0.669625,l-campus-edge,strong,0,1,1,1,budget_exhausted,8,2.906645000621211,2026-10-09T15:10:36.163504+00:00
exp-e5952536f39f,94,campus-link-down-far,campus-basic,baseline,20261011,client-1,web-1,web,LINK_DOWN,l-campus-edge,ROUTING_FAILURE,0.669625,l-campus-edge,strong,0,1,1,1,budget_exhausted,8,2.7335360000506626,2026-10-09T15:10:36.424308+00:00
exp-e5952536f39f,138,campus-link-down-far,campus-basic,baseline,20261012,client-1,web-1,web,LINK_DOWN,l-campus-edge,ROUTING_FAILURE,0.669625,l-campus-edge,strong,0,1,1,1,budget_exhausted,8,3.104209999946761,2026-10-09T15:10:36.674641+00:00
exp-e5952536f39f,182,campus-link-down-far,campus-basic,baseline,20261013,client-1,web-1,web,LINK_DOWN,l-campus-edge,ROUTING_FAILURE,0.669625,l-campus-edge,strong,0,1,1,1,budget_exhausted,8,2.919419999670936,2026-10-09T15:10:36.951341+00:00
exp-e5952536f39f,226,campus-link-down-far,campus-basic,baseline,20261014,client-1,web-1,web,LINK_DOWN,l-campus-edge,ROUTING_FAILURE,0.669625,l-campus-edge,strong,0,1,1,1,budget_exhausted,8,2.7502579996507848,2026-10-09T15:10:37.219944+00:00
exp-e5952536f39f,270,campus-link-down-far,campus-basic,baseline,20261015,client-1,web-1,web,LINK_DOWN,l-campus-edge,ROUTING_FAILURE,0.669625,l-campus-edge,strong,0,1,1,1,budget_exhausted,8,2.7564100000745384,2026-10-09T15:10:37.453150+00:00
exp-e5952536f39f,314,campus-link-down-far,campus-basic,baseline,20261016,client-1,web-1,web,LINK_DOWN,l-campus-edge,ROUTING_FAILURE,0.669625,l-campus-edge,strong,0,1,1,1,budget_exhausted,8,3.3078960004786495,2026-10-09T15:10:37.688048+00:00
exp-e5952536f39f,358,campus-link-down-far,campus-basic,baseline,20261017,client-1,web-1,web,LINK_DOWN,l-campus-edge,ROUTING_FAILURE,0.669625,l-campus-edge,strong,0,1,1,1,budget_exhausted,8,3.5844009998982074,2026-10-09T15:10:37.934415+00:00
exp-e5952536f39f,402,campus-link-down-far,campus-basic,baseline,20261018,client-1,web-1,web,LINK_DOWN,l-campus-edge,ROUTING_FAILURE,0.669625,l-campus-edge,strong,0,1,1,1,budget_exhausted,8,2.4959459997262456,2026-10-09T15:10:38.175490+00:00
exp-e5952536f39f,4,campus-link-down-near,campus-basic,baseline,20261009,client-1,web-1,web,LINK_DOWN,l-access-campus,ROUTING_FAILURE,0.669625,l-access-campus,strong,0,1,1,1,budget_exhausted,8,3.0987299996922957,2026-10-09T15:10:35.874990+00:00
exp-e5952536f39f,48,campus-link-down-near,campus-basic,baseline,20261010,client-1,web-1,web,LINK_DOWN,l-access-campus,ROUTING_FAILURE,0.669625,l-access-campus,strong,0,1,1,1,budget_exhausted,8,3.0003929996382794,2026-10-09T15:10:36.150352+00:00
exp-e5952536f39f,92,campus-link-down-near,campus-basic,baseline,20261011,client-1,web-1,web,LINK_DOWN,l-access-campus,ROUTING_FAILURE,0.669625,l-access-campus,strong,0,1,1,1,budget_exhausted,8,2.961940000204777,2026-10-09T15:10:36.411774+00:00
exp-e5952536f39f,136,campus-link-down-near,campus-basic,baseline,20261012,client-1,web-1,web,LINK_DOWN,l-access-campus,ROUTING_FAILURE,0.669625,l-access-campus,strong,0,1,1,1,budget_exhausted,8,2.636823000102595,2026-10-09T15:10:36.662458+00:00
exp-e5952536f39f,180,campus-link-down-near,campus-basic,baseline,20261013,client-1,web-1,web,LINK_DOWN,l-access-campus,ROUTING_FAILURE,0.669625,l-access-campus,strong,0,1,1,1,budget_exhausted,8,3.1923169999572565,2026-10-09T15:10:36.938203+00:00
exp-e5952536f39f,224,campus-link-down-near,campus-basic,baseline,20261014,client-1,web-1,web,LINK_DOWN,l-access-campus,ROUTING_FAILURE,0.669625,l-access-campus,strong,0,1,1,1,budget_exhausted,8,3.051850000701961,2026-10-09T15:10:37.207960+00:00
exp-e5952536f39f,268,campus-link-down-near,campus-basic,baseline,20261015,client-1,web-1,web,LINK_DOWN,l-access-campus,ROUTING_FAILURE,0.669625,l-access-campus,strong,0,1,1,1,budget_exhausted,8,2.460788999997021,2026-10-09T15:10:37.441360+00:00
exp-e5952536f39f,312,campus-link-down-near,campus-basic,baseline,20261016,client-1,web-1,web,LINK_DOWN,l-access-campus,ROUTING_FAILURE,0.669625,l-access-campus,strong,0,1,1,1,budget_exhausted,8,2.456791999975394,2026-10-09T15:10:37.675256+00:00
exp-e5952536f39f,356,campus-link-down-near,campus-basic,baseline,20261017,client-1,web-1,web,LINK_DOWN,l-access-campus,ROUTING_FAILURE,0.669625,l-access-campus,strong,0,1,1,1,budget_exhausted,8,2.88761899992096,2026-10-09T15:10:37.920576+00:00
exp-e5952536f39f,400,campus-link-down-near,campus-basic,baseline,20261018,client-1,web-1,web,LINK_DOWN,l-access-campus,ROUTING_FAILURE,0.669625,l-access-campus,strong,0,1,1,1,budget_exhausted,8,2.8431350001483224,2026-10-09T15:10:38.163451+00:00
exp-e5952536f39f,20,campus-mtu-1000-db,campus-basic,baseline,20261009,client-1,db-1,postgres,MTU_BLACK_HOLE,l-campus-edge,NO_FAULT_DETECTED,0.929429,,none,0,1,,0,confident,6,4.264320999936899,2026-10-09T15:10:35.990005+00:00
exp-e5952536f39f,64,campus-mtu-1000-db,campus-basic,baseline,20261010,client-1,db-1,postgres,MTU_BLACK_HOLE,l-campus-edge,NO_FAULT_DETECTED,0.929429,,none,0,1,,0,confident,6,2.2710490002282313,2026-10-09T15:10:36.253400+00:00
exp-e5952536f39f,108,campus-mtu-1000-db,campus-basic,baseline,20261011,client-1,db-1,postgres,MTU_BLACK_HOLE,l-campus-edge,NO_FAULT_DETECTED,0.929429,,none,0,1,,0,confident,6,2.4024179992920836,2026-10-09T15:10:36.510692+00:00
exp-e5952536f39f,152,campus-mtu-1000-db,campus-basic,baseline,20261012,client-1,db-1,postgres,MTU_BLACK_HOLE,l-campus-edge,NO_FAULT_DETECTED,0.929429,,none,0,1,,0,confident,6,2.2892830002092524,2026-10-09T15:10:36.758955+00:00
exp-e5952536f39f,196,campus-mtu-1000-db,campus-basic,baseline,20261013,client-1,db-1,postgres,MTU_BLACK_HOLE,l-campus-edge,NO_FAULT_DETECTED,0.929429,,none,0,1,,0,confident,6,2.4143709997588303,2026-10-09T15:10:37.042355+00:00
exp-e5952536f39f,240,campus-mtu-1000-db,campus-basic,baseline,20261014,client-1,db-1,postgres,MTU_BLACK_HOLE,l-campus-edge,NO_FAULT_DETECTED,0.929429,,none,0,1,,0,confident,6,1.810875000046508,2026-10-09T15:10:37.299403+00:00
exp-e5952536f39f,284,campus-mtu-1000-db,campus-basic,baseline,20261015,client-1,db-1,postgres,MTU_BLACK_HOLE,l-campus-edge,NO_FAULT_DETECTED,0.929429,,none,0,1,,0,confident,6,2.643095000166795,2026-10-09T15:10:37.533458+00:00
exp-e5952536f39f,328,campus-mtu-1000-db,campus-basic,baseline,20261016,client-1,db-1,postgres,MTU_BLACK_HOLE,l-campus-edge,NO_FAULT_DETECTED,0.929429,,none,0,1,,0,confident,6,1.9769000000451342,2026-10-09T15:10:37.767209+00:00
exp-e5952536f39f,372,campus-mtu-1000-db,campus-basic,baseline,20261017,client-1,db-1,postgres,MTU_BLACK_HOLE,l-campus-edge,NO_FAULT_DETECTED,0.929429,,none,0,1,,0,confident,6,2.273924999826704,2026-10-09T15:10:38.017703+00:00
exp-e5952536f39f,416,campus-mtu-1000-db,campus-basic,baseline,20261018,client-1,db-1,postgres,MTU_BLACK_HOLE,l-campus-edge,NO_FAULT_DETECTED,0.929429,,none,0,1,,0,confident,6,1.742665999699966,2026-10-09T15:10:38.251891+00:00
exp-e5952536f39f,18,campus-mtu-576,campus-basic,baseline,20261009,client-1,web-1,web,MTU_BLACK_HOLE,l-access-campus,NO_FAULT_DETECTED,0.929429,,none,0,1,,0,confident,6,2.1581350001724786,2026-10-09T15:10:35.973388+00:00
exp-e5952536f39f,62,campus-mtu-576,campus-basic,baseline,20261010,client-1,web-1,web,MTU_BLACK_HOLE,l-access-campus,NO_FAULT_DETECTED,0.929429,,none,0,1,,0,confident,6,2.346240999941074,2026-10-09T15:10:36.241308+00:00
exp-e5952536f39f,106,campus-mtu-576,campus-basic,baseline,20261011,client-1,web-1,web,MTU_BLACK_HOLE,l-access-campus,NO_FAULT_DETECTED,0.929429,,none,0,1,,0,confident,6,1.9923999998354702,2026-10-09T15:10:36.499127+00:00
exp-e5952536f39f,150,campus-mtu-576,campus-basic,baseline,20261012,client-1,web-1,web,MTU_BLACK_HOLE,l-access-campus,NO_FAULT_DETECTED,0.929429,,none,0,1,,0,confident,6,1.9844349999402766,2026-10-09T15:10:36.747150+00:00
exp-e5952536f39f,194,campus-mtu-576,campus-basic,baseline,20261013,client-1,web-1,web,MTU_BLACK_HOLE,l-access-campus,NO_FAULT_DETECTED,0.929429,,none,0,1,,0,confident,6,3.161517999615171,2026-10-09T15:10:37.030145+00:00
exp-e5952536f39f,238,campus-mtu-576,campus-basic,baseline,20261014,client-1,web-1,web,MTU_BLACK_HOLE,l-access-campus,NO_FAULT_DETECTED,0.929429,,none,0,1,,0,confident,6,1.6948960001172964,2026-10-09T15:10:37.289834+00:00
exp-e5952536f39f,282,campus-mtu-576,campus-basic,baseline,20261015,client-1,web-1,web,MTU_BLACK_HOLE,l-access-campus,NO_FAULT_DETECTED,0.929429,,none,0,1,,0,confident,6,1.6616530001556384,2026-10-09T15:10:37.522391+00:00
exp-e5952536f39f,326,campus-mtu-576,campus-basic,baseline,20261016,client-1,web-1,web,MTU_BLACK_HOLE,l-access-campus,NO_FAULT_DETECTED,0.929429,,none,0,1,,0,confident,6,2.0527549995676964,2026-10-09T15:10:37.757279+00:00
exp-e5952536f39f,370,campus-mtu-576,campus-basic,baseline,20261017,client-1,web-1,web,MTU_BLACK_HOLE,l-access-campus,NO_FAULT_DETECTED,0.929429,,none,0,1,,0,confident,6,1.6272879993266542,2026-10-09T15:10:38.007225+00:00
exp-e5952536f39f,414,campus-mtu-576,campus-basic,baseline,20261018,client-1,web-1,web,MTU_BLACK_HOLE,l-access-campus,NO_FAULT_DETECTED,0.929429,,none,0,1,,0,confident,6,2.0010069993077195,2026-10-09T15:10:38.241776+00:00
exp-e5952536f39f,2,campus-nofault-web,campus-basic,baseline,20261009,client-1,web-1,web,,,NO_FAULT_DETECTED,0.929429,,none,1,1,,0,confident,6,2.1779119997518137,2026-10-09T15:10:35.859981+00:00
exp-e5952536f39f,46,campus-nofault-web,campus-basic,baseline,20261010,client-1,web-1,web,,,NO_FAULT_DETECTED,0.929429,,none,1,1,,0,confident,6,1.8328370006202022,2026-10-09T15:10:36.137225+00:00
exp-e5952536f39f,90,campus-nofault-web,campus-basic,baseline,20261011,client-1,web-1,web,,,NO_FAULT_DETECTED,0.929429,,none,1,1,,0,confident,6,2.0772110001416877,2026-10-09T15:10:36.399231+00:00
exp-e5952536f39f,134,campus-nofault-web,campus-basic,baseline,20261012,client-1,web-1,web,,,NO_FAULT_DETECTED,0.929429,,none,1,1,,0,confident,6,2.3496789999626344,2026-10-09T15:10:36.650554+00:00
exp-e5952536f39f,178,campus-nofault-web,campus-basic,baseline,20261013,client-1,web-1,web,,,NO_FAULT_DETECTED,0.929429,,none,1,1,,0,confident,6,2.5093809999816585,2026-10-09T15:10:36.922708+00:00
exp-e5952536f39f,222,campus-nofault-web,campus-basic,baseline,20261014,client-1,web-1,web,,,NO_FAULT_DETECTED,0.929429,,none,1,1,,0,confident,6,1.615905999642564,2026-10-09T15:10:37.195057+00:00
exp-e5952536f39f,266,campus-nofault-web,campus-basic,baseline,20261015,client-1,web-1,web,,,NO_FAULT_DETECTED,0.929429,,none,1,1,,0,confident,6,1.8429270003252896,2026-10-09T15:10:37.429556+00:00
exp-e5952536f39f,310,campus-nofault-web,campus-basic,baseline,20261016,client-1,web-1,web,,,NO_FAULT_DETECTED,0.929429,,none,1,1,,0,confident,6,1.674487999480334,2026-10-09T15:10:37.663528+00:00
exp-e5952536f39f,354,campus-nofault-web,campus-basic,baseline,20261017,client-1,web-1,web,,,NO_FAULT_DETECTED,0.929429,,none,1,1,,0,confident,6,1.8261450004501967,2026-10-09T15:10:37.906735+00:00
exp-e5952536f39f,398,campus-nofault-web,campus-basic,baseline,20261018,client-1,web-1,web,,,NO_FAULT_DETECTED,0.929429,,none,1,1,,0,confident,6,1.7752880003172322,2026-10-09T15:10:38.151786+00:00
exp-e5952536f39f,12,campus-packet-loss-moderate,campus-basic,baseline,20261009,client-1,web-1,web,PACKET_LOSS,l-access-campus,PACKET_LOSS,0.727287,,weak,1,1,,1,budget_exhausted,8,3.3462390001659514,2026-10-09T15:10:35.926279+00:00
exp-e5952536f39f,56,campus-packet-loss-moderate,campus-basic,baseline,20261010,client-1,web-1,web,PACKET_LOSS,l-access-campus,PACKET_LOSS,0.920345,,weak,1,1,,0,confident,8,2.596416000415047,2026-10-09T15:10:36.200726+00:00
exp-e5952536f39f,100,campus-packet-loss-moderate,campus-basic,baseline,20261011,client-1,web-1,web,PACKET_LOSS,l-access-campus,PACKET_LOSS,0.928812,,weak,1,1,,0,confident,8,3.319759000078193,2026-10-09T15:10:36.462931+00:00
exp-e5952536f39f,144,campus-packet-loss-moderate,campus-basic,baseline,20261012,client-1,web-1,web,PACKET_LOSS,l-access-campus,PACKET_LOSS,0.796079,,weak,1,1,,1,budget_exhausted,8,3.6820260002059513,2026-10-09T15:10:36.710505+00:00
exp-e5952536f39f,188,campus-packet-loss-moderate,campus-basic,baseline,20261013,client-1,web-1,web,PACKET_LOSS,l-access-campus,PACKET_LOSS,0.920345,,weak,1,1,,0,confident,8,2.3834119992898195,2026-10-09T15:10:36.987984+00:00
exp-e5952536f39f,232,campus-packet-loss-moderate,campus-basic,baseline,20261014,client-1,web-1,web,PACKET_LOSS,l-access-campus,PACKET_LOSS,0.854223,,weak,1,1,,0,confident,7,2.345019999665965,2026-10-09T15:10:37.254500+00:00
exp-e5952536f39f,276,campus-packet-loss-moderate,campus-basic,baseline,20261015,client-1,web-1,web,PACKET_LOSS,l-access-campus,MTU_BLACK_HOLE,0.471663,l-client1-access,strong,0,1,0,1,budget_exhausted,8,2.213870999185019,2026-10-09T15:10:37.488366+00:00
exp-e5952536f39f,320,campus-packet-loss-moderate,campus-basic,baseline,20261016,client-1,web-1,web,PACKET_LOSS,l-access-campus,MTU_BLACK_HOLE,0.53124,l-client1-access,strong,0,1,0,1,budget_exhausted,8,2.1850260000064736,2026-10-09T15:10:37.723302+00:00
exp-e5952536f39f,364,campus-packet-loss-moderate,campus-basic,baseline,20261017,client-1,web-1,web,PACKET_LOSS,l-access-campus,MTU_BLACK_HOLE,0.53124,l-client1-access,strong,0,1,0,1,budget_exhausted,8,2.3978290000741254,2026-10-09T15:10:37.970962+00:00
exp-e5952536f39f,408,campus-packet-loss-moderate,campus-basic,baseline,20261018,client-1,web-1,web,PACKET_LOSS,l-access-campus,PACKET_LOSS,0.713295,,weak,1,1,,1,budget_exhausted,8,2.538415999879362,2026-10-09T15:10:38.208931+00:00
exp-e5952536f39f,14,campus-packet-loss-severe,campus-basic,baseline,20261009,client-1,web-1,web,PACKET_LOSS,l-edge-web,PACKET_LOSS,0.796079,,weak,1,1,,1,budget_exhausted,8,5.449549000331899,2026-10-09T15:10:35.944071+00:00
exp-e5952536f39f,58,campus-packet-loss-severe,campus-basic,baseline,20261010,client-1,web-1,web,PACKET_LOSS,l-edge-web,PACKET_LOSS,0.796079,,weak,1,1,,1,budget_exhausted,8,3.529657000399311,2026-10-09T15:10:36.215690+00:00
exp-e5952536f39f,102,campus-packet-loss-severe,campus-basic,baseline,20261011,client-1,web-1,web,PACKET_LOSS,l-edge-web,PACKET_LOSS,0.928812,,weak,1,1,,0,confident,8,2.862000000277476,2026-10-09T15:10:36.476334+00:00
exp-e5952536f39f,146,campus-packet-loss-severe,campus-basic,baseline,20261012,client-1,web-1,web,PACKET_LOSS,l-edge-web,PACKET_LOSS,0.933428,,weak,1,1,,0,confident,8,2.789963999930478,2026-10-09T15:10:36.723569+00:00
exp-e5952536f39f,190,campus-packet-loss-severe,campus-basic,baseline,20261013,client-1,web-1,web,PACKET_LOSS,l-edge-web,PACKET_LOSS,0.928812,,weak,1,1,,0,confident,8,2.5365729998156894,2026-10-09T15:10:37.000842+00:00
exp-e5952536f39f,234,campus-packet-loss-severe,campus-basic,baseline,20261014,client-1,web-1,web,PACKET_LOSS,l-edge-web,PACKET_LOSS,0.796079,,weak,1,1,,1,budget_exhausted,8,3.482366999378428,2026-10-09T15:10:37.267071+00:00
exp-e5952536f39f,278,campus-packet-loss-severe,campus-basic,baseline,20261015,client-1,web-1,web,PACKET_LOSS,l-edge-web,PACKET_LOSS,0.928812,,weak,1,1,,0,confident,8,3.329436999592872,2026-10-09T15:10:37.501398+00:00
exp-e5952536f39f,322,campus-packet-loss-severe,campus-basic,baseline,20261016,client-1,web-1,web,PACKET_LOSS,l-edge-web,PACKET_LOSS,0.928812,,weak,1,1,,0,confident,8,3.031640999324736,2026-10-09T15:10:37.735225+00:00
exp-e5952536f39f,366,campus-packet-loss-severe,campus-basic,baseline,20261017,client-1,web-1,web,PACKET_LOSS,l-edge-web,PACKET_LOSS,0.928812,,weak,1,1,,0,confident,8,2.7592249998633633,2026-10-09T15:10:37.985062+00:00
exp-e5952536f39f,410,campus-packet-loss-severe,campus-basic,baseline,20261018,client-1,web-1,web,PACKET_LOSS,l-edge-web,PACKET_LOSS,0.796079,,weak,1,1,,1,budget_exhausted,8,2.2023589999662363,2026-10-09T15:10:38.220234+00:00
exp-e5952536f39f,22,campus-port-blocked-web,campus-basic,baseline,20261009,client-1,web-1,web,TCP_PORT_BLOCKED,web-1:web,TCP_FILTER_OR_PORT_FAILURE,0.930701,web-1:80,strong,1,1,1,0,confident,8,2.5748250000106054,2026-10-09T15:10:36.003300+00:00
exp-e5952536f39f,66,campus-port-blocked-web,campus-basic,baseline,20261010,client-1,web-1,web,TCP_PORT_BLOCKED,web-1:web,TCP_FILTER_OR_PORT_FAILURE,0.930701,web-1:80,strong,1,1,1,0,confident,8,3.412824999941222,2026-10-09T15:10:36.266895+00:00
exp-e5952536f39f,110,campus-port-blocked-web,campus-basic,baseline,20261011,client-1,web-1,web,TCP_PORT_BLOCKED,web-1:web,TCP_FILTER_OR_PORT_FAILURE,0.930701,web-1:80,strong,1,1,1,0,confident,8,3.0819670000710175,2026-10-09T15:10:36.523316+00:00
exp-e5952536f39f,154,campus-port-blocked-web,campus-basic,baseline,20261012,client-1,web-1,web,TCP_PORT_BLOCKED,web-1:web,TCP_FILTER_OR_PORT_FAILURE,0.930701,web-1:80,strong,1,1,1,0,confident,8,2.5908959996741032,2026-10-09T15:10:36.770922+00:00
exp-e5952536f39f,198,campus-port-blocked-web,campus-basic,baseline,20261013,client-1,web-1,web,TCP_PORT_BLOCKED,web-1:web,TCP_FILTER_OR_PORT_FAILURE,0.930701,web-1:80,strong,1,1,1,0,confident,8,2.391107000221382,2026-10-09T15:10:37.053774+00:00
exp-e5952536f39f,242,campus-port-blocked-web,campus-basic,baseline,20261014,client-1,web-1,web,TCP_PORT_BLOCKED,web-1:web,TCP_FILTER_OR_PORT_FAILURE,0.930701,web-1:80,strong,1,1,1,0,confident,8,2.6706369999374147,2026-10-09T15:10:37.310143+00:00
exp-e5952536f39f,286,campus-port-blocked-web,campus-basic,baseline,20261015,client-1,web-1,web,TCP_PORT_BLOCKED,web-1:web,TCP_FILTER_OR_PORT_FAILURE,0.930701,web-1:80,strong,1,1,1,0,confident,8,2.64469800004008,2026-10-09T15:10:37.544009+00:00
exp-e5952536f39f,330,campus-port-blocked-web,campus-basic,baseline,20261016,client-1,web-1,web,TCP_PORT_BLOCKED,web-1:web,TCP_FILTER_OR_PORT_FAILURE,0.930701,web-1:80,strong,1,1,1,0,confident,8,2.2968880002736114,2026-10-09T15:10:37.777465+00:00
exp-e5952536f39f,374,campus-port-blocked-web,campus-basic,baseline,20261017,client-1,web-1,web,TCP_PORT_BLOCKED,web-1:web,TCP_FILTER_OR_PORT_FAILURE,0.930701,web-1:80,strong,1,1,1,0,confident,8,2.277730999594496,2026-10-09T15:10:38.027780+00:00
exp-e5952536f39f,418,campus-port-blocked-web,campus-basic,baseline,20261018,client-1,web-1,web,TCP_PORT_BLOCKED,web-1:web,TCP_FILTER_OR_PORT_FAILURE,0.930701,web-1:80,strong,1,1,1,0,confident,8,2.2989520002738573,2026-10-09T15:10:38.261871+00:00
exp-e5952536f39f,24,campus-port-rejected-db,campus-basic,baseline,20261009,client-1,db-1,postgres,TCP_PORT_REJECTED,db-1:postgres,TCP_FILTER_OR_PORT_FAILURE,0.81248,db-1:5432,strong,1,1,1,0,confident,7,2.3027300003377604,2026-10-09T15:10:36.012809+00:00
exp-e5952536f39f,68,campus-port-rejected-db,campus-basic,baseline,20261010,client-1,db-1,postgres,TCP_PORT_REJECTED,db-1:postgres,TCP_FILTER_OR_PORT_FAILURE,0.81248,db-1:5432,strong,1,1,1,0,confident,7,3.4730090001175995,2026-10-09T15:10:36.277107+00:00
exp-e5952536f39f,112,campus-port-rejected-db,campus-basic,baseline,20261011,client-1,db-1,postgres,TCP_PORT_REJECTED,db-1:postgres,TCP_FILTER_OR_PORT_FAILURE,0.81248,db-1:5432,strong,1,1,1,0,confident,7,2.3465920003218343,2026-10-09T15:10:36.532831+00:00
exp-e5952536f39f,156,campus-port-rejected-db,campus-basic,baseline,20261012,client-1,db-1,postgres,TCP_PORT_REJECTED,db-1:postgres,TCP_FILTER_OR_PORT_FAILURE,0.81248,db-1:5432,strong,1,1,1,0,confident,7,3.2465590002175304,2026-10-09T15:10:36.782351+00:00
exp-e5952536f39f,200,campus-port-rejected-db,campus-basic,baseline,20261013,client-1,db-1,postgres,TCP_PORT_REJECTED,db-1:postgres,TCP_FILTER_OR_PORT_FAILURE,0.81248,db-1:5432,strong,1,1,1,0,confident,7,2.5213439994331566,2026-10-09T15:10:37.062637+00:00
exp-e5952536f39f,244,campus-port-rejected-db,campus-basic,baseline,20261014,client-1,db-1,postgres,TCP_PORT_REJECTED,db-1:postgres,TCP_FILTER_OR_PORT_FAILURE,0.81248,db-1:5432,strong,1,1,1,0,confident,7,2.260197999930824,2026-10-09T15:10:37.318815+00:00
exp-e5952536f39f,288,campus-port-rejected-db,campus-basic,baseline,20261015,client-1,db-1,postgres,TCP_PORT_REJECTED,db-1:postgres,TCP_FILTER_OR_PORT_FAILURE,0.81248,db-1:5432,strong,1,1,1,0,confident,7,2.385755999966932,2026-10-09T15:10:37.553461+00:00
exp-e5952536f39f,332,campus-port-rejected-db,campus-basic,baseline,20261016,client-1,db-1,postgres,TCP_PORT_REJECTED,db-1:postgres,TCP_FILTER_OR_PORT_FAILURE,0.81248,db-1:5432,strong,1,1,1,0,confident,7,2.461350999510614,2026-10-09T15:10:37.786471+00:00
exp-e5952536f39f,376,campus-port-rejected-db,campus-basic,baseline,20261017,client-1,db-1,postgres,TCP_PORT_REJECTED,db-1:postgres,TCP_FILTER_OR_PORT_FAILURE,0.81248,db-1:5432,strong,1,1,1,0,confident,7,1.9571029997678124,2026-10-09T15:10:38.035683+00:00
exp-e5952536f39f,420,campus-port-rejected-db,campus-basic,baseline,20261018,client-1,db-1,postgres,TCP_PORT_REJECTED,db-1:postgres,TCP_FILTER_OR_PORT_FAILURE,0.81248,db-1:5432,strong,1,1,1,0,confident,7,2.3257930006366223,2026-10-09T15:10:38.270961+00:00
exp-e5952536f39f,8,campus-route-blackhole,campus-basic,baseline,20261009,client-1,web-1,web,ROUTE_BLACKHOLE,l-campus-edge,ROUTING_FAILURE,0.902375,l-campus-edge,strong,1,1,1,0,confident,8,3.1035780002639513,2026-10-09T15:10:35.901903+00:00
exp-e5952536f39f,52,campus-route-blackhole,campus-basic,baseline,20261010,client-1,web-1,web,ROUTE_BLACKHOLE,l-campus-edge,ROUTING_FAILURE,0.902375,l-campus-edge,strong,1,1,1,0,confident,8,2.445570000418229,2026-10-09T15:10:36.175500+00:00
exp-e5952536f39f,96,campus-route-blackhole,campus-basic,baseline,20261011,client-1,web-1,web,ROUTE_BLACKHOLE,l-campus-edge,ROUTING_FAILURE,0.902375,l-campus-edge,strong,1,1,1,0,confident,8,2.542624000852811,2026-10-09T15:10:36.436802+00:00
exp-e5952536f39f,140,campus-route-blackhole,campus-basic,baseline,20261012,client-1,web-1,web,ROUTE_BLACKHOLE,l-campus-edge,ROUTING_FAILURE,0.902375,l-campus-edge,strong,1,1,1,0,confident,8,2.788702000543708,2026-10-09T15:10:36.686748+00:00
exp-e5952536f39f,184,campus-route-blackhole,campus-basic,baseline,20261013,client-1,web-1,web,ROUTE_BLACKHOLE,l-campus-edge,ROUTING_FAILURE,0.902375,l-campus-edge,strong,1,1,1,0,confident,8,2.5701869999466,2026-10-09T15:10:36.963842+00:00
exp-e5952536f39f,228,campus-route-blackhole,campus-basic,baseline,20261014,client-1,web-1,web,ROUTE_BLACKHOLE,l-campus-edge,ROUTING_FAILURE,0.902375,l-campus-edge,strong,1,1,1,0,confident,8,2.224701000159257,2026-10-09T15:10:37.230892+00:00
exp-e5952536f39f,272,campus-route-blackhole,campus-basic,baseline,20261015,client-1,web-1,web,ROUTE_BLACKHOLE,l-campus-edge,ROUTING_FAILURE,0.902375,l-campus-edge,strong,1,1,1,0,confident,8,2.247774999887042,2026-10-09T15:10:37.464004+00:00
exp-e5952536f39f,316,campus-route-blackhole,campus-basic,baseline,20261016,client-1,web-1,web,ROUTE_BLACKHOLE,l-campus-edge,ROUTING_FAILURE,0.902375,l-campus-edge,strong,1,1,1,0,confident,8,2.525060999687412,2026-10-09T15:10:37.700230+00:00
exp-e5952536f39f,360,campus-route-blackhole,campus-basic,baseline,20261017,client-1,web-1,web,ROUTE_BLACKHOLE,l-campus-edge,ROUTING_FAILURE,0.902375,l-campus-edge,strong,1,1,1,0,confident,8,2.719660000366275,2026-10-09T15:10:37.946261+00:00
exp-e5952536f39f,404,campus-route-blackhole,campus-basic,baseline,20261018,client-1,web-1,web,ROUTE_BLACKHOLE,l-campus-edge,ROUTING_FAILURE,0.902375,l-campus-edge,strong,1,1,1,0,confident,8,2.3257719994944637,2026-10-09T15:10:38.186476+00:00
exp-e5952536f39f,26,campus-service-down-web,campus-basic,baseline,20261009,client-1,web-1,web,SERVICE_DOWN,web-1:web,APPLICATION_SERVICE_FAILURE,0.959443,web-1:80,strong,1,1,1,0,confident,8,2.440610999656201,2026-10-09T15:10:36.022494+00:00
exp-e5952536f39f,70,campus-service-down-web,campus-basic,baseline,20261010,client-1,web-1,web,SERVICE_DOWN,web-1:web,APPLICATION_SERVICE_FAILURE,0.959443,web-1:80,strong,1,1,1,0,confident,8,2.9466809992300114,2026-10-09T15:10:36.287560+00:00
exp-e5952536f39f,114,campus-service-down-web,campus-basic,baseline,20261011,client-1,web-1,web,SERVICE_DOWN,web-1:web,APPLICATION_SERVICE_FAILURE,0.959443,web-1:80,strong,1,1,1,0,confident,8,3.447741000854876,2026-10-09T15:10:36.542954+00:00
exp-e5952536f39f,158,campus-service-down-web,campus-basic,baseline,20261012,client-1,web-1,web,SERVICE_DOWN,web-1:web,APPLICATION_SERVICE_FAILURE,0.959443,web-1:80,strong,1,1,1,0,confident,8,2.7899529995920602,2026-10-09T15:10:36.792335+00:00
exp-e5952536f39f,202,campus-service-down-web,campus-basic,baseline,20261013,client-1,web-1,web,SERVICE_DOWN,web-1:web,APPLICATION_SERVICE_FAILURE,0.959443,web-1:80,strong,1,1,1,0,confident,8,4.227159999572905,2026-10-09T15:10:37.074041+00:00
exp-e5952536f39f,246,campus-service-down-web,campus-basic,baseline,20261014,client-1,web-1,web,SERVICE_DOWN,web-1:web,APPLICATION_SERVICE_FAILURE,0.959443,web-1:80,strong,1,1,1,0,confident,8,2.2491569998237537,2026-10-09T15:10:37.327396+00:00
exp-e5952536f39f,290,campus-service-down-web,campus-basic,baseline,20261015,client-1,web-1,web,SERVICE_DOWN,web-1:web,APPLICATION_SERVICE_FAILURE,0.959443,web-1:80,strong,1,1,1,0,confident,8,2.8345579994493164,2026-10-09T15:10:37.563126+00:00
exp-e5952536f39f,334,campus-service-down-web,campus-basic,baseline,20261016,client-1,web-1,web,SERVICE_DOWN,web-1:web,APPLICATION_SERVICE_FAILURE,0.959443,web-1:80,strong,1,1,1,0,confident,8,2.6199909998467774,2026-10-09T15:10:37.795195+00:00
exp-e5952536f39f,378,campus-service-down-web,campus-basic,baseline,20261017,client-1,web-1,web,SERVICE_DOWN,web-1:web,APPLICATION_SERVICE_FAILURE,0.959443,web-1:80,strong,1,1,1,0,confident,8,2.247864999844751,2026-10-09T15:10:38.043821+00:00
exp-e5952536f39f,422,campus-service-down-web,campus-basic,baseline,20261018,client-1,web-1,web,SERVICE_DOWN,web-1:web,APPLICATION_SERVICE_FAILURE,0.959443,web-1:80,strong,1,1,1,0,confident,8,2.2049630006222287,2026-10-09T15:10:38.278993+00:00
exp-e5952536f39f,36,multihop-dns-outage,multihop-wan,baseline,20261009,client-1,app-1,api,DNS_FAILURE,dns-1,DNS_FAILURE,0.847915,dns-1,strong,1,1,1,0,confident,6,2.001316999667324,2026-10-09T15:10:36.078791+00:00
exp-e5952536f39f,80,multihop-dns-outage,multihop-wan,baseline,20261010,client-1,app-1,api,DNS_FAILURE,dns-1,DNS_FAILURE,0.847915,dns-1,strong,1,1,1,0,confident,6,2.1051849998912076,2026-10-09T15:10:36.343974+00:00
exp-e5952536f39f,124,multihop-dns-outage,multihop-wan,baseline,20261011,client-1,app-1,api,DNS_FAILURE,dns-1,DNS_FAILURE,0.847915,dns-1,strong,1,1,1,0,confident,6,1.7310539997197338,2026-10-09T15:10:36.596841+00:00
exp-e5952536f39f,168,multihop-dns-outage,multihop-wan,baseline,20261012,client-1,app-1,api,DNS_FAILURE,dns-1,DNS_FAILURE,0.847915,dns-1,strong,1,1,1,0,confident,6,2.062963999378553,2026-10-09T15:10:36.857189+00:00
exp-e5952536f39f,212,multihop-dns-outage,multihop-wan,baseline,20261013,client-1,app-1,api,DNS_FAILURE,dns-1,DNS_FAILURE,0.847915,dns-1,strong,1,1,1,0,confident,6,1.686459999291401,2026-10-09T15:10:37.145080+00:00
exp-e5952536f39f,256,multihop-dns-outage,multihop-wan,baseline,20261014,client-1,app-1,api,DNS_FAILURE,dns-1,DNS_FAILURE,0.847915,dns-1,strong,1,1,1,0,confident,6,1.8102240001098835,2026-10-09T15:10:37.378349+00:00
exp-e5952536f39f,300,multihop-dns-outage,multihop-wan,baseline,20261015,client-1,app-1,api,DNS_FAILURE,dns-1,DNS_FAILURE,0.847915,dns-1,strong,1,1,1,0,confident,6,1.5765309999551391,2026-10-09T15:10:37.613034+00:00
exp-e5952536f39f,344,multihop-dns-outage,multihop-wan,baseline,20261016,client-1,app-1,api,DNS_FAILURE,dns-1,DNS_FAILURE,0.847915,dns-1,strong,1,1,1,0,confident,6,2.6697359999161563,2026-10-09T15:10:37.850778+00:00
exp-e5952536f39f,388,multihop-dns-outage,multihop-wan,baseline,20261017,client-1,app-1,api,DNS_FAILURE,dns-1,DNS_FAILURE,0.847915,dns-1,strong,1,1,1,0,confident,6,2.421283999865409,2026-10-09T15:10:38.101422+00:00
exp-e5952536f39f,432,multihop-dns-outage,multihop-wan,baseline,20261018,client-1,app-1,api,DNS_FAILURE,dns-1,DNS_FAILURE,0.847915,dns-1,strong,1,1,1,0,confident,6,2.011507000133861,2026-10-09T15:10:38.329493+00:00
exp-e5952536f39f,38,multihop-latency-wan,multihop-wan,baseline,20261009,client-1,app-1,api,HIGH_LATENCY,l-core-branch,HIGH_LATENCY,0.814501,,none,1,1,,0,confident,7,4.427089999808231,2026-10-09T15:10:36.093533+00:00
exp-e5952536f39f,82,multihop-latency-wan,multihop-wan,baseline,20261010,client-1,app-1,api,HIGH_LATENCY,l-core-branch,HIGH_LATENCY,0.814501,,none,1,1,,0,confident,7,2.0773319993168116,2026-10-09T15:10:36.356097+00:00
exp-e5952536f39f,126,multihop-latency-wan,multihop-wan,baseline,20261011,client-1,app-1,api,HIGH_LATENCY,l-core-branch,HIGH_LATENCY,0.814501,,none,1,1,,0,confident,7,2.0931910003127996,2026-10-09T15:10:36.608486+00:00
exp-e5952536f39f,170,multihop-latency-wan,multihop-wan,baseline,20261012,client-1,app-1,api,HIGH_LATENCY,l-core-branch,HIGH_LATENCY,0.814501,,none,1,1,,0,confident,7,2.948804999505228,2026-10-09T15:10:36.871423+00:00
exp-e5952536f39f,214,multihop-latency-wan,multihop-wan,baseline,20261013,client-1,app-1,api,HIGH_LATENCY,l-core-branch,HIGH_LATENCY,0.814501,,none,1,1,,0,confident,7,2.246521999950346,2026-10-09T15:10:37.156328+00:00
exp-e5952536f39f,258,multihop-latency-wan,multihop-wan,baseline,20261014,client-1,app-1,api,HIGH_LATENCY,l-core-branch,HIGH_LATENCY,0.814501,,none,1,1,,0,confident,7,1.8995939999513212,2026-10-09T15:10:37.389511+00:00
exp-e5952536f39f,302,multihop-latency-wan,multihop-wan,baseline,20261015,client-1,app-1,api,HIGH_LATENCY,l-core-branch,HIGH_LATENCY,0.814501,,none,1,1,,0,confident,7,1.8996540002262918,2026-10-09T15:10:37.624496+00:00
exp-e5952536f39f,346,multihop-latency-wan,multihop-wan,baseline,20261016,client-1,app-1,api,HIGH_LATENCY,l-core-branch,HIGH_LATENCY,0.814501,,none,1,1,,0,confident,7,2.150188999621605,2026-10-09T15:10:37.862135+00:00
exp-e5952536f39f,390,multihop-latency-wan,multihop-wan,baseline,20261017,client-1,app-1,api,HIGH_LATENCY,l-core-branch,HIGH_LATENCY,0.814501,,none,1,1,,0,confident,7,2.4015970002437825,2026-10-09T15:10:38.112608+00:00
exp-e5952536f39f,434,multihop-latency-wan,multihop-wan,baseline,20261018,client-1,app-1,api,HIGH_LATENCY,l-core-branch,HIGH_LATENCY,0.814501,,none,1,1,,0,confident,7,2.2750959997210884,2026-10-09T15:10:38.340457+00:00
exp-e5952536f39f,32,multihop-link-down-core-branch,multihop-wan,baseline,20261009,client-1,app-1,api,LINK_DOWN,l-core-branch,ROUTING_FAILURE,0.669625,l-core-branch,strong,0,1,1,1,budget_exhausted,8,2.8806049995182548,2026-10-09T15:10:36.055615+00:00
exp-e5952536f39f,76,multihop-link-down-core-branch,multihop-wan,baseline,20261010,client-1,app-1,api,LINK_DOWN,l-core-branch,ROUTING_FAILURE,0.669625,l-core-branch,strong,0,1,1,1,budget_exhausted,8,2.94646099973761,2026-10-09T15:10:36.320588+00:00
exp-e5952536f39f,120,multihop-link-down-core-branch,multihop-wan,baseline,20261011,client-1,app-1,api,LINK_DOWN,l-core-branch,ROUTING_FAILURE,0.669625,l-core-branch,strong,0,1,1,1,budget_exhausted,8,2.5116360002357396,2026-10-09T15:10:36.575313+00:00
exp-e5952536f39f,164,multihop-link-down-core-branch,multihop-wan,baseline,20261012,client-1,app-1,api,LINK_DOWN,l-core-branch,ROUTING_FAILURE,0.669625,l-core-branch,strong,0,1,1,1,budget_exhausted,8,4.019355999844265,2026-10-09T15:10:36.830322+00:00
exp-e5952536f39f,208,multihop-link-down-core-branch,multihop-wan,baseline,20261013,client-1,app-1,api,LINK_DOWN,l-core-branch,ROUTING_FAILURE,0.669625,l-core-branch,strong,0,1,1,1,budget_exhausted,8,5.403281999861065,2026-10-09T15:10:37.116807+00:00
exp-e5952536f39f,252,multihop-link-down-core-branch,multihop-wan,baseline,20261014,client-1,app-1,api,LINK_DOWN,l-core-branch,ROUTING_FAILURE,0.669625,l-core-branch,strong,0,1,1,1,budget_exhausted,8,2.3141310002756654,2026-10-09T15:10:37.357199+00:00
exp-e5952536f39f,296,multihop-link-down-core-branch,multihop-wan,baseline,20261015,client-1,app-1,api,LINK_DOWN,l-core-branch,ROUTING_FAILURE,0.669625,l-core-branch,strong,0,1,1,1,budget_exhausted,8,2.316475000043283,2026-10-09T15:10:37.592484+00:00
exp-e5952536f39f,340,multihop-link-down-core-branch,multihop-wan,baseline,20261016,client-1,app-1,api,LINK_DOWN,l-core-branch,ROUTING_FAILURE,0.669625,l-core-branch,strong,0,1,1,1,budget_exhausted,8,2.514410999538086,2026-10-09T15:10:37.826271+00:00
exp-e5952536f39f,384,multihop-link-down-core-branch,multihop-wan,baseline,20261017,client-1,app-1,api,LINK_DOWN,l-core-branch,ROUTING_FAILURE,0.669625,l-core-branch,strong,0,1,1,1,budget_exhausted,8,2.752702999714529,2026-10-09T15:10:38.079406+00:00
exp-e5952536f39f,428,multihop-link-down-core-branch,multihop-wan,baseline,20261018,client-1,app-1,api,LINK_DOWN,l-core-branch,ROUTING_FAILURE,0.669625,l-core-branch,strong,0,1,1,1,budget_exhausted,8,2.3232280000229366,2026-10-09T15:10:38.308787+00:00
exp-e5952536f39f,40,multihop-mtu-edge-core,multihop-wan,baseline,20261009,client-1,app-1,api,MTU_BLACK_HOLE,l-edge-core,NO_FAULT_DETECTED,0.929429,,none,0,1,,0,confident,6,1.7925309994097915,2026-10-09T15:10:36.104738+00:00
exp-e5952536f39f,84,multihop-mtu-edge-core,multihop-wan,baseline,20261010,client-1,app-1,api,MTU_BLACK_HOLE,l-edge-core,NO_FAULT_DETECTED,0.929429,,none,0,1,,0,confident,6,1.8721320002441644,2026-10-09T15:10:36.366985+00:00
exp-e5952536f39f,128,multihop-mtu-edge-core,multihop-wan,baseline,20261011,client-1,app-1,api,MTU_BLACK_HOLE,l-edge-core,NO_FAULT_DETECTED,0.929429,,none,0,1,,0,confident,6,1.8535670005803695,2026-10-09T15:10:36.618701+00:00
exp-e5952536f39f,172,multihop-mtu-edge-core,multihop-wan,baseline,20261012,client-1,app-1,api,MTU_BLACK_HOLE,l-edge-core,NO_FAULT_DETECTED,0.929429,,none,0,1,,0,confident,6,2.093151999360998,2026-10-09T15:10:36.883335+00:00
exp-e5952536f39f,216,multihop-mtu-edge-core,multihop-wan,baseline,20261013,client-1,app-1,api,MTU_BLACK_HOLE,l-edge-core,NO_FAULT_DETECTED,0.929429,,none,0,1,,0,confident,6,1.7128600002251915,2026-10-09T15:10:37.165567+00:00
exp-e5952536f39f,260,multihop-mtu-edge-core,multihop-wan,baseline,20261014,client-1,app-1,api,MTU_BLACK_HOLE,l-edge-core,NO_FAULT_DETECTED,0.929429,,none,0,1,,0,confident,6,2.4731519997658324,2026-10-09T15:10:37.400071+00:00
exp-e5952536f39f,304,multihop-mtu-edge-core,multihop-wan,baseline,20261015,client-1,app-1,api,MTU_BLACK_HOLE,l-edge-core,NO_FAULT_DETECTED,0.929429,,none,0,1,,0,confident,6,2.4203519997172407,2026-10-09T15:10:37.635021+00:00
exp-e5952536f39f,348,multihop-mtu-edge-core,multihop-wan,baseline,20261016,client-1,app-1,api,MTU_BLACK_HOLE,l-edge-core,NO_FAULT_DETECTED,0.929429,,none,0,1,,0,confident,6,2.1490079998329747,2026-10-09T15:10:37.873803+00:00
exp-e5952536f39f,392,multihop-mtu-edge-core,multihop-wan,baseline,20261017,client-1,app-1,api,MTU_BLACK_HOLE,l-edge-core,NO_FAULT_DETECTED,0.929429,,none,0,1,,0,confident,6,1.6216770000028191,2026-10-09T15:10:38.122510+00:00
exp-e5952536f39f,436,multihop-mtu-edge-core,multihop-wan,baseline,20261018,client-1,app-1,api,MTU_BLACK_HOLE,l-edge-core,NO_FAULT_DETECTED,0.929429,,none,0,1,,0,confident,6,1.8335989998377045,2026-10-09T15:10:38.349994+00:00
exp-e5952536f39f,30,multihop-nofault-api,multihop-wan,baseline,20261009,client-1,app-1,api,,,NO_FAULT_DETECTED,0.929429,,none,1,1,,0,confident,6,2.4073270005828817,2026-10-09T15:10:36.042468+00:00
exp-e5952536f39f,74,multihop-nofault-api,multihop-wan,baseline,20261010,client-1,app-1,api,,,NO_FAULT_DETECTED,0.929429,,none,1,1,,0,confident,6,1.9292309998490964,2026-10-09T15:10:36.307523+00:00
exp-e5952536f39f,118,multihop-nofault-api,multihop-wan,baseline,20261011,client-1,app-1,api,,,NO_FAULT_DETECTED,0.929429,,none,1,1,,0,confident,6,2.285256000504887,2026-10-09T15:10:36.563291+00:00
exp-e5952536f39f,162,multihop-nofault-api,multihop-wan,baseline,20261012,client-1,app-1,api,,,NO_FAULT_DETECTED,0.929429,,none,1,1,,0,confident,6,2.2049830004107207,2026-10-09T15:10:36.815315+00:00
exp-e5952536f39f,206,multihop-nofault-api,multihop-wan,baseline,20261013,client-1,app-1,api,,,NO_FAULT_DETECTED,0.929429,,none,1,1,,0,confident,6,3.0056329997023568,2026-10-09T15:10:37.095854+00:00
exp-e5952536f39f,250,multihop-nofault-api,multihop-wan,baseline,20261014,client-1,app-1,api,,,NO_FAULT_DETECTED,0.929429,,none,1,1,,0,confident,6,1.6397709996454068,2026-10-09T15:10:37.345789+00:00
exp-e5952536f39f,294,multihop-nofault-api,multihop-wan,baseline,20261015,client-1,app-1,api,,,NO_FAULT_DETECTED,0.929429,,none,1,1,,0,confident,6,1.6164469998329878,2026-10-09T15:10:37.580827+00:00
exp-e5952536f39f,338,multihop-nofault-api,multihop-wan,baseline,20261016,client-1,app-1,api,,,NO_FAULT_DETECTED,0.929429,,none,1,1,,0,confident,6,1.6815210001368541,2026-10-09T15:10:37.813896+00:00
exp-e5952536f39f,382,multihop-nofault-api,multihop-wan,baseline,20261017,client-1,app-1,api,,,NO_FAULT_DETECTED,0.929429,,none,1,1,,0,confident,6,3.115881999292469,2026-10-09T15:10:38.067766+00:00
exp-e5952536f39f,426,multihop-nofault-api,multihop-wan,baseline,20261018,client-1,app-1,api,,,NO_FAULT_DETECTED,0.929429,,none,1,1,,0,confident,6,1.6032519997679628,2026-10-09T15:10:38.297337+00:00
exp-e5952536f39f,42,multihop-port-blocked-admin,multihop-wan,baseline,20261009,client-1,app-1,admin,TCP_PORT_BLOCKED,app-1:admin,TCP_FILTER_OR_PORT_FAILURE,0.930701,app-1:9090,strong,1,1,1,0,confident,8,2.908919999754289,2026-10-09T15:10:36.116425+00:00
exp-e5952536f39f,86,multihop-port-blocked-admin,multihop-wan,baseline,20261010,client-1,app-1,admin,TCP_PORT_BLOCKED,app-1:admin,TCP_FILTER_OR_PORT_FAILURE,0.930701,app-1:9090,strong,1,1,1,0,confident,8,2.698509999390808,2026-10-09T15:10:36.378766+00:00
exp-e5952536f39f,130,multihop-port-blocked-admin,multihop-wan,baseline,20261011,client-1,app-1,admin,TCP_PORT_BLOCKED,app-1:admin,TCP_FILTER_OR_PORT_FAILURE,0.930701,app-1:9090,strong,1,1,1,0,confident,8,2.3770000007061753,2026-10-09T15:10:36.629735+00:00
exp-e5952536f39f,174,multihop-port-blocked-admin,multihop-wan,baseline,20261012,client-1,app-1,admin,TCP_PORT_BLOCKED,app-1:admin,TCP_FILTER_OR_PORT_FAILURE,0.930701,app-1:9090,strong,1,1,1,0,confident,8,3.3941700003197184,2026-10-09T15:10:36.897186+00:00
exp-e5952536f39f,218,multihop-port-blocked-admin,multihop-wan,baseline,20261013,client-1,app-1,admin,TCP_PORT_BLOCKED,app-1:admin,TCP_FILTER_OR_PORT_FAILURE,0.930701,app-1:9090,strong,1,1,1,0,confident,8,2.456750999954238,2026-10-09T15:10:37.175918+00:00
exp-e5952536f39f,262,multihop-port-blocked-admin,multihop-wan,baseline,20261014,client-1,app-1,admin,TCP_PORT_BLOCKED,app-1:admin,TCP_FILTER_OR_PORT_FAILURE,0.930701,app-1:9090,strong,1,1,1,0,confident,8,2.2924989998500678,2026-10-09T15:10:37.410144+00:00
exp-e5952536f39f,306,multihop-port-blocked-admin,multihop-wan,baseline,20261015,client-1,app-1,admin,TCP_PORT_BLOCKED,app-1:admin,TCP_FILTER_OR_PORT_FAILURE,0.930701,app-1:9090,strong,1,1,1,0,confident,8,2.1649770005751634,2026-10-09T15:10:37.645027+00:00
exp-e5952536f39f,350,multihop-port-blocked-admin,multihop-wan,baseline,20261016,client-1,app-1,admin,TCP_PORT_BLOCKED,app-1:admin,TCP_FILTER_OR_PORT_FAILURE,0.930701,app-1:9090,strong,1,1,1,0,confident,8,3.3612679999350803,2026-10-09T15:10:37.885992+00:00
exp-e5952536f39f,394,multihop-port-blocked-admin,multihop-wan,baseline,20261017,client-1,app-1,admin,TCP_PORT_BLOCKED,app-1:admin,TCP_FILTER_OR_PORT_FAILURE,0.930701,app-1:9090,strong,1,1,1,0,confident,8,2.8426030003174674,2026-10-09T15:10:38.133631+00:00
exp-e5952536f39f,438,multihop-port-blocked-admin,multihop-wan,baseline,20261018,client-1,app-1,admin,TCP_PORT_BLOCKED,app-1:admin,TCP_FILTER_OR_PORT_FAILURE,0.930701,app-1:9090,strong,1,1,1,0,confident,8,2.691857000172604,2026-10-09T15:10:38.360252+00:00
exp-e5952536f39f,34,multihop-route-blackhole,multihop-wan,baseline,20261009,client-1,app-1,api,ROUTE_BLACKHOLE,l-edge-core,ROUTING_FAILURE,0.902375,l-edge-core,strong,1,1,1,0,confident,8,2.4612799998067203,2026-10-09T15:10:36.068131+00:00
exp-e5952536f39f,78,multihop-route-blackhole,multihop-wan,baseline,20261010,client-1,app-1,api,ROUTE_BLACKHOLE,l-edge-core,ROUTING_FAILURE,0.902375,l-edge-core,strong,1,1,1,0,confident,8,2.8743339998982265,2026-10-09T15:10:36.333438+00:00
exp-e5952536f39f,122,multihop-route-blackhole,multihop-wan,baseline,20261011,client-1,app-1,api,ROUTE_BLACKHOLE,l-edge-core,ROUTING_FAILURE,0.902375,l-edge-core,strong,1,1,1,0,confident,8,2.690885999982129,2026-10-09T15:10:36.587247+00:00
exp-e5952536f39f,166,multihop-route-blackhole,multihop-wan,baseline,20261012,client-1,app-1,api,ROUTE_BLACKHOLE,l-edge-core,ROUTING_FAILURE,0.902375,l-edge-core,strong,1,1,1,0,confident,8,3.8070130003688973,2026-10-09T15:10:36.845302+00:00
exp-e5952536f39f,210,multihop-route-blackhole,multihop-wan,baseline,20261013,client-1,app-1,api,ROUTE_BLACKHOLE,l-edge-core,ROUTING_FAILURE,0.902375,l-edge-core,strong,1,1,1,0,confident,8,2.8478530002757907,2026-10-09T15:10:37.134547+00:00
exp-e5952536f39f,254,multihop-route-blackhole,multihop-wan,baseline,20261014,client-1,app-1,api,ROUTE_BLACKHOLE,l-edge-core,ROUTING_FAILURE,0.902375,l-edge-core,strong,1,1,1,0,confident,8,2.6138490002267645,2026-10-09T15:10:37.368659+00:00
exp-e5952536f39f,298,multihop-route-blackhole,multihop-wan,baseline,20261015,client-1,app-1,api,ROUTE_BLACKHOLE,l-edge-core,ROUTING_FAILURE,0.902375,l-edge-core,strong,1,1,1,0,confident,8,2.2246210000957944,2026-10-09T15:10:37.603687+00:00
exp-e5952536f39f,342,multihop-route-blackhole,multihop-wan,baseline,20261016,client-1,app-1,api,ROUTE_BLACKHOLE,l-edge-core,ROUTING_FAILURE,0.902375,l-edge-core,strong,1,1,1,0,confident,8,2.722315000028175,2026-10-09T15:10:37.839075+00:00
exp-e5952536f39f,386,multihop-route-blackhole,multihop-wan,baseline,20261017,client-1,app-1,api,ROUTE_BLACKHOLE,l-edge-core,ROUTING_FAILURE,0.902375,l-edge-core,strong,1,1,1,0,confident,8,2.131634000761551,2026-10-09T15:10:38.091298+00:00
exp-e5952536f39f,430,multihop-route-blackhole,multihop-wan,baseline,20261018,client-1,app-1,api,ROUTE_BLACKHOLE,l-edge-core,ROUTING_FAILURE,0.902375,l-edge-core,strong,1,1,1,0,confident,8,2.1941929999229615,2026-10-09T15:10:38.319505+00:00
exp-e5952536f39f,44,multihop-service-down-api,multihop-wan,baseline,20261009,client-1,app-1,api,SERVICE_DOWN,app-1:api,APPLICATION_SERVICE_FAILURE,0.959443,app-1:8080,strong,1,1,1,0,confident,8,2.6501180000195745,2026-10-09T15:10:36.126550+00:00
exp-e5952536f39f,88,multihop-service-down-api,multihop-wan,baseline,20261010,client-1,app-1,api,SERVICE_DOWN,app-1:api,APPLICATION_SERVICE_FAILURE,0.959443,app-1:8080,strong,1,1,1,0,confident,8,2.750949999608565,2026-10-09T15:10:36.388434+00:00
exp-e5952536f39f,132,multihop-service-down-api,multihop-wan,baseline,20261011,client-1,app-1,api,SERVICE_DOWN,app-1:api,APPLICATION_SERVICE_FAILURE,0.959443,app-1:8080,strong,1,1,1,0,confident,8,2.4189489995478652,2026-10-09T15:10:36.638859+00:00
exp-e5952536f39f,176,multihop-service-down-api,multihop-wan,baseline,20261012,client-1,app-1,api,SERVICE_DOWN,app-1:api,APPLICATION_SERVICE_FAILURE,0.959443,app-1:8080,strong,1,1,1,0,confident,8,2.83032999959687,2026-10-09T15:10:36.908094+00:00
exp-e5952536f39f,220,multihop-service-down-api,multihop-wan,baseline,20261013,client-1,app-1,api,SERVICE_DOWN,app-1:api,APPLICATION_SERVICE_FAILURE,0.959443,app-1:8080,strong,1,1,1,0,confident,8,2.611464999972668,2026-10-09T15:10:37.185423+00:00
exp-e5952536f39f,264,multihop-service-down-api,multihop-wan,baseline,20261014,client-1,app-1,api,SERVICE_DOWN,app-1:api,APPLICATION_SERVICE_FAILURE,0.959443,app-1:8080,strong,1,1,1,0,confident,8,2.3283679993255646,2026-10-09T15:10:37.419420+00:00
exp-e5952536f39f,308,multihop-service-down-api,multihop-wan,baseline,20261015,client-1,app-1,api,SERVICE_DOWN,app-1:api,APPLICATION_SERVICE_FAILURE,0.959443,app-1:8080,strong,1,1,1,0,confident,8,2.189424000789586,2026-10-09T15:10:37.653928+00:00
exp-e5952536f39f,352,multihop-service-down-api,multihop-wan,baseline,20261016,client-1,app-1,api,SERVICE_DOWN,app-1:api,APPLICATION_SERVICE_FAILURE,0.959443,app-1:8080,strong,1,1,1,0,confident,8,2.5057940001715906,2026-10-09T15:10:37.895150+00:00
exp-e5952536f39f,396,multihop-service-down-api,multihop-wan,baseline,20261017,client-1,app-1,api,SERVICE_DOWN,app-1:api,APPLICATION_SERVICE_FAILURE,0.959443,app-1:8080,strong,1,1,1,0,confident,8,2.0613110000340384,2026-10-09T15:10:38.142016+00:00
exp-e5952536f39f,440,multihop-service-down-api,multihop-wan,baseline,20261018,client-1,app-1,api,SERVICE_DOWN,app-1:api,APPLICATION_SERVICE_FAILURE,0.959443,app-1:8080,strong,1,1,1,0,confident,8,2.2319649997371016,2026-10-09T15:10:38.369844+00:00
