experiment_id,id,scenario_id,template_id,strategy,seed,source_node_id,destination_node_id,destination_service,actual_fault_type,actual_target_id,predicted_fault_type,predicted_probability,predicted_target_id,localization_confidence,is_correct_top1,is_correct_top3,is_localization_correct,is_inconclusive,status,probes_used,elapsed_ms,created_at
exp-3f1052b8f5df,9,campus-dns-outage,campus-basic,adaptive,20261009,client-1,web-1,web,DNS_FAILURE,dns-1,DNS_FAILURE,0.876636,dns-1,strong,1,1,1,0,confident,4,5.764711000665557,2026-10-10T11:37:31.817182+00:00
exp-3f1052b8f5df,53,campus-dns-outage,campus-basic,adaptive,20261010,client-1,web-1,web,DNS_FAILURE,dns-1,DNS_FAILURE,0.876636,dns-1,strong,1,1,1,0,confident,4,5.880380998860346,2026-10-10T11:37:32.093549+00:00
exp-3f1052b8f5df,97,campus-dns-outage,campus-basic,adaptive,20261011,client-1,web-1,web,DNS_FAILURE,dns-1,DNS_FAILURE,0.876636,dns-1,strong,1,1,1,0,confident,4,5.756536000262713,2026-10-10T11:37:32.372607+00:00
exp-3f1052b8f5df,141,campus-dns-outage,campus-basic,adaptive,20261012,client-1,web-1,web,DNS_FAILURE,dns-1,DNS_FAILURE,0.876636,dns-1,strong,1,1,1,0,confident,4,5.7180519979738165,2026-10-10T11:37:32.650048+00:00
exp-3f1052b8f5df,185,campus-dns-outage,campus-basic,adaptive,20261013,client-1,web-1,web,DNS_FAILURE,dns-1,DNS_FAILURE,0.876636,dns-1,strong,1,1,1,0,confident,4,5.72360300066066,2026-10-10T11:37:32.933566+00:00
exp-3f1052b8f5df,229,campus-dns-outage,campus-basic,adaptive,20261014,client-1,web-1,web,DNS_FAILURE,dns-1,DNS_FAILURE,0.876636,dns-1,strong,1,1,1,0,confident,4,7.041534001473337,2026-10-10T11:37:33.229703+00:00
exp-3f1052b8f5df,273,campus-dns-outage,campus-basic,adaptive,20261015,client-1,web-1,web,DNS_FAILURE,dns-1,DNS_FAILURE,0.876636,dns-1,strong,1,1,1,0,confident,4,5.927879999944707,2026-10-10T11:37:33.512465+00:00
exp-3f1052b8f5df,317,campus-dns-outage,campus-basic,adaptive,20261016,client-1,web-1,web,DNS_FAILURE,dns-1,DNS_FAILURE,0.876636,dns-1,strong,1,1,1,0,confident,4,5.791843002953101,2026-10-10T11:37:33.797725+00:00
exp-3f1052b8f5df,361,campus-dns-outage,campus-basic,adaptive,20261017,client-1,web-1,web,DNS_FAILURE,dns-1,DNS_FAILURE,0.876636,dns-1,strong,1,1,1,0,confident,4,5.808363999676658,2026-10-10T11:37:34.081289+00:00
exp-3f1052b8f5df,405,campus-dns-outage,campus-basic,adaptive,20261018,client-1,web-1,web,DNS_FAILURE,dns-1,DNS_FAILURE,0.876636,dns-1,strong,1,1,1,0,confident,4,5.831807997310534,2026-10-10T11:37:34.372408+00:00
exp-3f1052b8f5df,27,campus-gateway-unreachable,campus-basic,adaptive,20261009,client-1,web-1,web,GATEWAY_UNREACHABLE,l-client1-access,LINK_FAILURE,0.901744,l-client1-access,moderate,1,1,1,0,confident,3,4.614648001734167,2026-10-10T11:37:31.926830+00:00
exp-3f1052b8f5df,71,campus-gateway-unreachable,campus-basic,adaptive,20261010,client-1,web-1,web,GATEWAY_UNREACHABLE,l-client1-access,LINK_FAILURE,0.901744,l-client1-access,moderate,1,1,1,0,confident,3,4.6080860010988545,2026-10-10T11:37:32.205229+00:00
exp-3f1052b8f5df,115,campus-gateway-unreachable,campus-basic,adaptive,20261011,client-1,web-1,web,GATEWAY_UNREACHABLE,l-client1-access,LINK_FAILURE,0.901744,l-client1-access,moderate,1,1,1,0,confident,3,4.608988001564285,2026-10-10T11:37:32.483166+00:00
exp-3f1052b8f5df,159,campus-gateway-unreachable,campus-basic,adaptive,20261012,client-1,web-1,web,GATEWAY_UNREACHABLE,l-client1-access,LINK_FAILURE,0.901744,l-client1-access,moderate,1,1,1,0,confident,3,4.61707300200942,2026-10-10T11:37:32.764869+00:00
exp-3f1052b8f5df,203,campus-gateway-unreachable,campus-basic,adaptive,20261013,client-1,web-1,web,GATEWAY_UNREACHABLE,l-client1-access,LINK_FAILURE,0.901744,l-client1-access,moderate,1,1,1,0,confident,3,4.878558000200428,2026-10-10T11:37:33.055763+00:00
exp-3f1052b8f5df,247,campus-gateway-unreachable,campus-basic,adaptive,20261014,client-1,web-1,web,GATEWAY_UNREACHABLE,l-client1-access,LINK_FAILURE,0.901744,l-client1-access,moderate,1,1,1,0,confident,3,4.598858999088407,2026-10-10T11:37:33.344181+00:00
exp-3f1052b8f5df,291,campus-gateway-unreachable,campus-basic,adaptive,20261015,client-1,web-1,web,GATEWAY_UNREACHABLE,l-client1-access,LINK_FAILURE,0.901744,l-client1-access,moderate,1,1,1,0,confident,3,5.121681002492551,2026-10-10T11:37:33.626471+00:00
exp-3f1052b8f5df,335,campus-gateway-unreachable,campus-basic,adaptive,20261016,client-1,web-1,web,GATEWAY_UNREACHABLE,l-client1-access,LINK_FAILURE,0.901744,l-client1-access,moderate,1,1,1,0,confident,3,4.831018999539083,2026-10-10T11:37:33.910958+00:00
exp-3f1052b8f5df,379,campus-gateway-unreachable,campus-basic,adaptive,20261017,client-1,web-1,web,GATEWAY_UNREACHABLE,l-client1-access,LINK_FAILURE,0.901744,l-client1-access,moderate,1,1,1,0,confident,3,4.770905001350911,2026-10-10T11:37:34.202091+00:00
exp-3f1052b8f5df,423,campus-gateway-unreachable,campus-basic,adaptive,20261018,client-1,web-1,web,GATEWAY_UNREACHABLE,l-client1-access,LINK_FAILURE,0.901744,l-client1-access,moderate,1,1,1,0,confident,3,4.644354001356987,2026-10-10T11:37:34.482535+00:00
exp-3f1052b8f5df,15,campus-high-latency,campus-basic,adaptive,20261009,client-1,web-1,web,HIGH_LATENCY,l-access-campus,HIGH_LATENCY,0.891741,,none,1,1,0,0,confident,5,7.0420650008600205,2026-10-10T11:37:31.858078+00:00
exp-3f1052b8f5df,59,campus-high-latency,campus-basic,adaptive,20261010,client-1,web-1,web,HIGH_LATENCY,l-access-campus,HIGH_LATENCY,0.891741,,none,1,1,0,0,confident,5,6.81520400030422,2026-10-10T11:37:32.137140+00:00
exp-3f1052b8f5df,103,campus-high-latency,campus-basic,adaptive,20261011,client-1,web-1,web,HIGH_LATENCY,l-access-campus,HIGH_LATENCY,0.891741,,none,1,1,0,0,confident,5,6.769808998797089,2026-10-10T11:37:32.413298+00:00
exp-3f1052b8f5df,147,campus-high-latency,campus-basic,adaptive,20261012,client-1,web-1,web,HIGH_LATENCY,l-access-campus,HIGH_LATENCY,0.891741,,none,1,1,0,0,confident,5,6.990035999479005,2026-10-10T11:37:32.692341+00:00
exp-3f1052b8f5df,191,campus-high-latency,campus-basic,adaptive,20261013,client-1,web-1,web,HIGH_LATENCY,l-access-campus,HIGH_LATENCY,0.891741,,none,1,1,0,0,confident,5,6.8214470011298545,2026-10-10T11:37:32.974861+00:00
exp-3f1052b8f5df,235,campus-high-latency,campus-basic,adaptive,20261014,client-1,web-1,web,HIGH_LATENCY,l-access-campus,HIGH_LATENCY,0.891741,,none,1,1,0,0,confident,5,6.76171300074202,2026-10-10T11:37:33.272690+00:00
exp-3f1052b8f5df,279,campus-high-latency,campus-basic,adaptive,20261015,client-1,web-1,web,HIGH_LATENCY,l-access-campus,HIGH_LATENCY,0.891741,,none,1,1,0,0,confident,5,6.845170999440597,2026-10-10T11:37:33.556248+00:00
exp-3f1052b8f5df,323,campus-high-latency,campus-basic,adaptive,20261016,client-1,web-1,web,HIGH_LATENCY,l-access-campus,HIGH_LATENCY,0.891741,,none,1,1,0,0,confident,5,6.730583998432849,2026-10-10T11:37:33.839587+00:00
exp-3f1052b8f5df,367,campus-high-latency,campus-basic,adaptive,20261017,client-1,web-1,web,HIGH_LATENCY,l-access-campus,HIGH_LATENCY,0.891741,,none,1,1,0,0,confident,5,7.002358997851843,2026-10-10T11:37:34.127260+00:00
exp-3f1052b8f5df,411,campus-high-latency,campus-basic,adaptive,20261018,client-1,web-1,web,HIGH_LATENCY,l-access-campus,HIGH_LATENCY,0.891741,,none,1,1,0,0,confident,5,6.8176989989297,2026-10-10T11:37:34.412473+00:00
exp-3f1052b8f5df,5,campus-link-down-far,campus-basic,adaptive,20261009,client-1,web-1,web,LINK_DOWN,l-campus-edge,LINK_FAILURE,0.810667,l-campus-edge,strong,1,1,1,0,confident,5,7.175267997808987,2026-10-10T11:37:31.790065+00:00
exp-3f1052b8f5df,49,campus-link-down-far,campus-basic,adaptive,20261010,client-1,web-1,web,LINK_DOWN,l-campus-edge,LINK_FAILURE,0.810667,l-campus-edge,strong,1,1,1,0,confident,5,8.232404001319082,2026-10-10T11:37:32.065669+00:00
exp-3f1052b8f5df,93,campus-link-down-far,campus-basic,adaptive,20261011,client-1,web-1,web,LINK_DOWN,l-campus-edge,LINK_FAILURE,0.810667,l-campus-edge,strong,1,1,1,0,confident,5,7.402097999147372,2026-10-10T11:37:32.344944+00:00
exp-3f1052b8f5df,137,campus-link-down-far,campus-basic,adaptive,20261012,client-1,web-1,web,LINK_DOWN,l-campus-edge,LINK_FAILURE,0.810667,l-campus-edge,strong,1,1,1,0,confident,5,7.1920699992915615,2026-10-10T11:37:32.622920+00:00
exp-3f1052b8f5df,181,campus-link-down-far,campus-basic,adaptive,20261013,client-1,web-1,web,LINK_DOWN,l-campus-edge,LINK_FAILURE,0.810667,l-campus-edge,strong,1,1,1,0,confident,5,7.926502999907825,2026-10-10T11:37:32.905370+00:00
exp-3f1052b8f5df,225,campus-link-down-far,campus-basic,adaptive,20261014,client-1,web-1,web,LINK_DOWN,l-campus-edge,LINK_FAILURE,0.810667,l-campus-edge,strong,1,1,1,0,confident,5,7.100355000147829,2026-10-10T11:37:33.200882+00:00
exp-3f1052b8f5df,269,campus-link-down-far,campus-basic,adaptive,20261015,client-1,web-1,web,LINK_DOWN,l-campus-edge,LINK_FAILURE,0.810667,l-campus-edge,strong,1,1,1,0,confident,5,7.229470000311267,2026-10-10T11:37:33.484023+00:00
exp-3f1052b8f5df,313,campus-link-down-far,campus-basic,adaptive,20261016,client-1,web-1,web,LINK_DOWN,l-campus-edge,LINK_FAILURE,0.810667,l-campus-edge,strong,1,1,1,0,confident,5,7.032556997728534,2026-10-10T11:37:33.769586+00:00
exp-3f1052b8f5df,357,campus-link-down-far,campus-basic,adaptive,20261017,client-1,web-1,web,LINK_DOWN,l-campus-edge,LINK_FAILURE,0.810667,l-campus-edge,strong,1,1,1,0,confident,5,7.281628997588996,2026-10-10T11:37:34.052464+00:00
exp-3f1052b8f5df,401,campus-link-down-far,campus-basic,adaptive,20261018,client-1,web-1,web,LINK_DOWN,l-campus-edge,LINK_FAILURE,0.810667,l-campus-edge,strong,1,1,1,0,confident,5,7.107399000233272,2026-10-10T11:37:34.343671+00:00
exp-3f1052b8f5df,3,campus-link-down-near,campus-basic,adaptive,20261009,client-1,web-1,web,LINK_DOWN,l-access-campus,LINK_FAILURE,0.810667,l-access-campus,strong,1,1,1,0,confident,5,7.1277079987339675,2026-10-10T11:37:31.775457+00:00
exp-3f1052b8f5df,47,campus-link-down-near,campus-basic,adaptive,20261010,client-1,web-1,web,LINK_DOWN,l-access-campus,LINK_FAILURE,0.810667,l-access-campus,strong,1,1,1,0,confident,5,7.421165002597263,2026-10-10T11:37:32.049150+00:00
exp-3f1052b8f5df,91,campus-link-down-near,campus-basic,adaptive,20261011,client-1,web-1,web,LINK_DOWN,l-access-campus,LINK_FAILURE,0.810667,l-access-campus,strong,1,1,1,0,confident,5,7.035813003312796,2026-10-10T11:37:32.330373+00:00
exp-3f1052b8f5df,135,campus-link-down-near,campus-basic,adaptive,20261012,client-1,web-1,web,LINK_DOWN,l-access-campus,LINK_FAILURE,0.810667,l-access-campus,strong,1,1,1,0,confident,5,7.437746000505285,2026-10-10T11:37:32.608269+00:00
exp-3f1052b8f5df,179,campus-link-down-near,campus-basic,adaptive,20261013,client-1,web-1,web,LINK_DOWN,l-access-campus,LINK_FAILURE,0.810667,l-access-campus,strong,1,1,1,0,confident,5,7.121306000044569,2026-10-10T11:37:32.889971+00:00
exp-3f1052b8f5df,223,campus-link-down-near,campus-basic,adaptive,20261014,client-1,web-1,web,LINK_DOWN,l-access-campus,LINK_FAILURE,0.810667,l-access-campus,strong,1,1,1,0,confident,5,7.148396998672979,2026-10-10T11:37:33.184576+00:00
exp-3f1052b8f5df,267,campus-link-down-near,campus-basic,adaptive,20261015,client-1,web-1,web,LINK_DOWN,l-access-campus,LINK_FAILURE,0.810667,l-access-campus,strong,1,1,1,0,confident,5,7.865227002184838,2026-10-10T11:37:33.468948+00:00
exp-3f1052b8f5df,311,campus-link-down-near,campus-basic,adaptive,20261016,client-1,web-1,web,LINK_DOWN,l-access-campus,LINK_FAILURE,0.810667,l-access-campus,strong,1,1,1,0,confident,5,7.15726300040842,2026-10-10T11:37:33.754300+00:00
exp-3f1052b8f5df,355,campus-link-down-near,campus-basic,adaptive,20261017,client-1,web-1,web,LINK_DOWN,l-access-campus,LINK_FAILURE,0.810667,l-access-campus,strong,1,1,1,0,confident,5,7.020354001724627,2026-10-10T11:37:34.037497+00:00
exp-3f1052b8f5df,399,campus-link-down-near,campus-basic,adaptive,20261018,client-1,web-1,web,LINK_DOWN,l-access-campus,LINK_FAILURE,0.810667,l-access-campus,strong,1,1,1,0,confident,5,7.09080799788353,2026-10-10T11:37:34.329045+00:00
exp-3f1052b8f5df,19,campus-mtu-1000-db,campus-basic,adaptive,20261009,client-1,db-1,postgres,MTU_BLACK_HOLE,l-campus-edge,MTU_BLACK_HOLE,0.962237,l-campus-edge,strong,1,1,1,0,confident,4,5.826468001032481,2026-10-10T11:37:31.883153+00:00
exp-3f1052b8f5df,63,campus-mtu-1000-db,campus-basic,adaptive,20261010,client-1,db-1,postgres,MTU_BLACK_HOLE,l-campus-edge,MTU_BLACK_HOLE,0.962237,l-campus-edge,strong,1,1,1,0,confident,4,5.850393998116488,2026-10-10T11:37:32.161973+00:00
exp-3f1052b8f5df,107,campus-mtu-1000-db,campus-basic,adaptive,20261011,client-1,db-1,postgres,MTU_BLACK_HOLE,l-campus-edge,MTU_BLACK_HOLE,0.962237,l-campus-edge,strong,1,1,1,0,confident,4,5.890729997190647,2026-10-10T11:37:32.438844+00:00
exp-3f1052b8f5df,151,campus-mtu-1000-db,campus-basic,adaptive,20261012,client-1,db-1,postgres,MTU_BLACK_HOLE,l-campus-edge,MTU_BLACK_HOLE,0.962237,l-campus-edge,strong,1,1,1,0,confident,4,5.831136997585418,2026-10-10T11:37:32.719390+00:00
exp-3f1052b8f5df,195,campus-mtu-1000-db,campus-basic,adaptive,20261013,client-1,db-1,postgres,MTU_BLACK_HOLE,l-campus-edge,MTU_BLACK_HOLE,0.962237,l-campus-edge,strong,1,1,1,0,confident,4,5.90270300017437,2026-10-10T11:37:33.010147+00:00
exp-3f1052b8f5df,239,campus-mtu-1000-db,campus-basic,adaptive,20261014,client-1,db-1,postgres,MTU_BLACK_HOLE,l-campus-edge,MTU_BLACK_HOLE,0.962237,l-campus-edge,strong,1,1,1,0,confident,4,5.813243002194213,2026-10-10T11:37:33.297834+00:00
exp-3f1052b8f5df,283,campus-mtu-1000-db,campus-basic,adaptive,20261015,client-1,db-1,postgres,MTU_BLACK_HOLE,l-campus-edge,MTU_BLACK_HOLE,0.962237,l-campus-edge,strong,1,1,1,0,confident,4,6.324183003016515,2026-10-10T11:37:33.581889+00:00
exp-3f1052b8f5df,327,campus-mtu-1000-db,campus-basic,adaptive,20261016,client-1,db-1,postgres,MTU_BLACK_HOLE,l-campus-edge,MTU_BLACK_HOLE,0.962237,l-campus-edge,strong,1,1,1,0,confident,4,6.029131996911019,2026-10-10T11:37:33.864454+00:00
exp-3f1052b8f5df,371,campus-mtu-1000-db,campus-basic,adaptive,20261017,client-1,db-1,postgres,MTU_BLACK_HOLE,l-campus-edge,MTU_BLACK_HOLE,0.962237,l-campus-edge,strong,1,1,1,0,confident,4,6.25138500254252,2026-10-10T11:37:34.152704+00:00
exp-3f1052b8f5df,415,campus-mtu-1000-db,campus-basic,adaptive,20261018,client-1,db-1,postgres,MTU_BLACK_HOLE,l-campus-edge,MTU_BLACK_HOLE,0.962237,l-campus-edge,strong,1,1,1,0,confident,4,5.873035999684362,2026-10-10T11:37:34.437973+00:00
exp-3f1052b8f5df,17,campus-mtu-576,campus-basic,adaptive,20261009,client-1,web-1,web,MTU_BLACK_HOLE,l-access-campus,MTU_BLACK_HOLE,0.962237,l-access-campus,strong,1,1,1,0,confident,4,6.136987001809757,2026-10-10T11:37:31.871107+00:00
exp-3f1052b8f5df,61,campus-mtu-576,campus-basic,adaptive,20261010,client-1,web-1,web,MTU_BLACK_HOLE,l-access-campus,MTU_BLACK_HOLE,0.962237,l-access-campus,strong,1,1,1,0,confident,4,5.919444000028307,2026-10-10T11:37:32.150074+00:00
exp-3f1052b8f5df,105,campus-mtu-576,campus-basic,adaptive,20261011,client-1,web-1,web,MTU_BLACK_HOLE,l-access-campus,MTU_BLACK_HOLE,0.962237,l-access-campus,strong,1,1,1,0,confident,4,6.421187001251383,2026-10-10T11:37:32.426458+00:00
exp-3f1052b8f5df,149,campus-mtu-576,campus-basic,adaptive,20261012,client-1,web-1,web,MTU_BLACK_HOLE,l-access-campus,MTU_BLACK_HOLE,0.962237,l-access-campus,strong,1,1,1,0,confident,4,7.78637699841056,2026-10-10T11:37:32.706832+00:00
exp-3f1052b8f5df,193,campus-mtu-576,campus-basic,adaptive,20261013,client-1,web-1,web,MTU_BLACK_HOLE,l-access-campus,MTU_BLACK_HOLE,0.962237,l-access-campus,strong,1,1,1,0,confident,4,6.600336000701645,2026-10-10T11:37:32.993600+00:00
exp-3f1052b8f5df,237,campus-mtu-576,campus-basic,adaptive,20261014,client-1,web-1,web,MTU_BLACK_HOLE,l-access-campus,MTU_BLACK_HOLE,0.962237,l-access-campus,strong,1,1,1,0,confident,4,5.8831850001297425,2026-10-10T11:37:33.285395+00:00
exp-3f1052b8f5df,281,campus-mtu-576,campus-basic,adaptive,20261015,client-1,web-1,web,MTU_BLACK_HOLE,l-access-campus,MTU_BLACK_HOLE,0.962237,l-access-campus,strong,1,1,1,0,confident,4,5.92590599990217,2026-10-10T11:37:33.569119+00:00
exp-3f1052b8f5df,325,campus-mtu-576,campus-basic,adaptive,20261016,client-1,web-1,web,MTU_BLACK_HOLE,l-access-campus,MTU_BLACK_HOLE,0.962237,l-access-campus,strong,1,1,1,0,confident,4,5.827209999551997,2026-10-10T11:37:33.852073+00:00
exp-3f1052b8f5df,369,campus-mtu-576,campus-basic,adaptive,20261017,client-1,web-1,web,MTU_BLACK_HOLE,l-access-campus,MTU_BLACK_HOLE,0.962237,l-access-campus,strong,1,1,1,0,confident,4,5.97055099933641,2026-10-10T11:37:34.140041+00:00
exp-3f1052b8f5df,413,campus-mtu-576,campus-basic,adaptive,20261018,client-1,web-1,web,MTU_BLACK_HOLE,l-access-campus,MTU_BLACK_HOLE,0.962237,l-access-campus,strong,1,1,1,0,confident,4,6.232597999769496,2026-10-10T11:37:34.425490+00:00
exp-3f1052b8f5df,1,campus-nofault-web,campus-basic,adaptive,20261009,client-1,web-1,web,,,NO_FAULT_DETECTED,0.967778,,none,1,1,,0,confident,4,6.595096001547063,2026-10-10T11:37:31.762205+00:00
exp-3f1052b8f5df,45,campus-nofault-web,campus-basic,adaptive,20261010,client-1,web-1,web,,,NO_FAULT_DETECTED,0.967778,,none,1,1,,0,confident,4,5.892393000976881,2026-10-10T11:37:32.035587+00:00
exp-3f1052b8f5df,89,campus-nofault-web,campus-basic,adaptive,20261011,client-1,web-1,web,,,NO_FAULT_DETECTED,0.967778,,none,1,1,,0,confident,4,5.853840000781929,2026-10-10T11:37:32.317149+00:00
exp-3f1052b8f5df,133,campus-nofault-web,campus-basic,adaptive,20261012,client-1,web-1,web,,,NO_FAULT_DETECTED,0.967778,,none,1,1,,0,confident,4,5.879098000150407,2026-10-10T11:37:32.594704+00:00
exp-3f1052b8f5df,177,campus-nofault-web,campus-basic,adaptive,20261013,client-1,web-1,web,,,NO_FAULT_DETECTED,0.967778,,none,1,1,,0,confident,4,5.915526999160647,2026-10-10T11:37:32.876513+00:00
exp-3f1052b8f5df,221,campus-nofault-web,campus-basic,adaptive,20261014,client-1,web-1,web,,,NO_FAULT_DETECTED,0.967778,,none,1,1,,0,confident,4,5.8950879974872805,2026-10-10T11:37:33.170813+00:00
exp-3f1052b8f5df,265,campus-nofault-web,campus-basic,adaptive,20261015,client-1,web-1,web,,,NO_FAULT_DETECTED,0.967778,,none,1,1,,0,confident,4,5.797793000965612,2026-10-10T11:37:33.454492+00:00
exp-3f1052b8f5df,309,campus-nofault-web,campus-basic,adaptive,20261016,client-1,web-1,web,,,NO_FAULT_DETECTED,0.967778,,none,1,1,,0,confident,4,5.933139997068793,2026-10-10T11:37:33.740945+00:00
exp-3f1052b8f5df,353,campus-nofault-web,campus-basic,adaptive,20261017,client-1,web-1,web,,,NO_FAULT_DETECTED,0.967778,,none,1,1,,0,confident,4,5.91245100076776,2026-10-10T11:37:34.023831+00:00
exp-3f1052b8f5df,397,campus-nofault-web,campus-basic,adaptive,20261018,client-1,web-1,web,,,NO_FAULT_DETECTED,0.967778,,none,1,1,,0,confident,4,5.9232220010017045,2026-10-10T11:37:34.315767+00:00
exp-3f1052b8f5df,11,campus-packet-loss-moderate,campus-basic,adaptive,20261009,client-1,web-1,web,PACKET_LOSS,l-access-campus,PACKET_LOSS,0.896544,,none,1,1,0,0,confident,5,6.839700999989873,2026-10-10T11:37:31.829623+00:00
exp-3f1052b8f5df,55,campus-packet-loss-moderate,campus-basic,adaptive,20261010,client-1,web-1,web,PACKET_LOSS,l-access-campus,MTU_BLACK_HOLE,0.583824,l-client1-access,strong,0,1,0,1,budget_exhausted,8,9.3744220030203,2026-10-10T11:37:32.108503+00:00
exp-3f1052b8f5df,99,campus-packet-loss-moderate,campus-basic,adaptive,20261011,client-1,web-1,web,PACKET_LOSS,l-access-campus,PACKET_LOSS,0.959892,,none,1,1,0,0,confident,6,7.492199998523574,2026-10-10T11:37:32.385437+00:00
exp-3f1052b8f5df,143,campus-packet-loss-moderate,campus-basic,adaptive,20261012,client-1,web-1,web,PACKET_LOSS,l-access-campus,PACKET_LOSS,0.896544,,none,1,1,0,0,confident,5,6.972342998778913,2026-10-10T11:37:32.662532+00:00
exp-3f1052b8f5df,187,campus-packet-loss-moderate,campus-basic,adaptive,20261013,client-1,web-1,web,PACKET_LOSS,l-access-campus,PACKET_LOSS,0.959892,,none,1,1,0,0,confident,6,7.527717003540602,2026-10-10T11:37:32.946716+00:00
exp-3f1052b8f5df,231,campus-packet-loss-moderate,campus-basic,adaptive,20261014,client-1,web-1,web,PACKET_LOSS,l-access-campus,PACKET_LOSS,0.588234,,none,1,1,0,1,budget_exhausted,8,8.64025800183299,2026-10-10T11:37:33.244100+00:00
exp-3f1052b8f5df,275,campus-packet-loss-moderate,campus-basic,adaptive,20261015,client-1,web-1,web,PACKET_LOSS,l-access-campus,PACKET_LOSS,0.588234,,none,1,1,0,1,budget_exhausted,8,8.79969100060407,2026-10-10T11:37:33.526851+00:00
exp-3f1052b8f5df,319,campus-packet-loss-moderate,campus-basic,adaptive,20261016,client-1,web-1,web,PACKET_LOSS,l-access-campus,PACKET_LOSS,0.64096,,none,1,1,0,1,budget_exhausted,8,8.647471997392131,2026-10-10T11:37:33.811894+00:00
exp-3f1052b8f5df,363,campus-packet-loss-moderate,campus-basic,adaptive,20261017,client-1,web-1,web,PACKET_LOSS,l-access-campus,PACKET_LOSS,0.64096,,none,1,1,0,1,budget_exhausted,8,9.162760001345305,2026-10-10T11:37:34.096339+00:00
exp-3f1052b8f5df,407,campus-packet-loss-moderate,campus-basic,adaptive,20261018,client-1,web-1,web,PACKET_LOSS,l-access-campus,PACKET_LOSS,0.896544,,none,1,1,0,0,confident,5,6.9229889995767735,2026-10-10T11:37:34.384684+00:00
exp-3f1052b8f5df,13,campus-packet-loss-severe,campus-basic,adaptive,20261009,client-1,web-1,web,PACKET_LOSS,l-edge-web,PACKET_LOSS,0.959892,,none,1,1,0,0,confident,6,7.631413998751668,2026-10-10T11:37:31.844060+00:00
exp-3f1052b8f5df,57,campus-packet-loss-severe,campus-basic,adaptive,20261010,client-1,web-1,web,PACKET_LOSS,l-edge-web,PACKET_LOSS,0.959892,,none,1,1,0,0,confident,6,7.6909659983357415,2026-10-10T11:37:32.123534+00:00
exp-3f1052b8f5df,101,campus-packet-loss-severe,campus-basic,adaptive,20261011,client-1,web-1,web,PACKET_LOSS,l-edge-web,PACKET_LOSS,0.959892,,none,1,1,0,0,confident,6,7.479525000235299,2026-10-10T11:37:32.399715+00:00
exp-3f1052b8f5df,145,campus-packet-loss-severe,campus-basic,adaptive,20261012,client-1,web-1,web,PACKET_LOSS,l-edge-web,PACKET_LOSS,0.959892,,none,1,1,0,0,confident,6,7.801596999343019,2026-10-10T11:37:32.678073+00:00
exp-3f1052b8f5df,189,campus-packet-loss-severe,campus-basic,adaptive,20261013,client-1,web-1,web,PACKET_LOSS,l-edge-web,PACKET_LOSS,0.952402,,none,1,1,0,0,confident,6,7.522496998717543,2026-10-10T11:37:32.960963+00:00
exp-3f1052b8f5df,233,campus-packet-loss-severe,campus-basic,adaptive,20261014,client-1,web-1,web,PACKET_LOSS,l-edge-web,PACKET_LOSS,0.959892,,none,1,1,0,0,confident,6,7.736241997918114,2026-10-10T11:37:33.258654+00:00
exp-3f1052b8f5df,277,campus-packet-loss-severe,campus-basic,adaptive,20261015,client-1,web-1,web,PACKET_LOSS,l-edge-web,PACKET_LOSS,0.952402,,none,1,1,0,0,confident,6,7.76127999779419,2026-10-10T11:37:33.541616+00:00
exp-3f1052b8f5df,321,campus-packet-loss-severe,campus-basic,adaptive,20261016,client-1,web-1,web,PACKET_LOSS,l-edge-web,PACKET_LOSS,0.896544,,none,1,1,0,0,confident,5,6.8436980000115,2026-10-10T11:37:33.825811+00:00
exp-3f1052b8f5df,365,campus-packet-loss-severe,campus-basic,adaptive,20261017,client-1,web-1,web,PACKET_LOSS,l-edge-web,PACKET_LOSS,0.959892,,none,1,1,0,0,confident,6,9.069822997844312,2026-10-10T11:37:34.112958+00:00
exp-3f1052b8f5df,409,campus-packet-loss-severe,campus-basic,adaptive,20261018,client-1,web-1,web,PACKET_LOSS,l-edge-web,PACKET_LOSS,0.896544,,none,1,1,0,0,confident,5,6.924491997779114,2026-10-10T11:37:34.398622+00:00
exp-3f1052b8f5df,21,campus-port-blocked-web,campus-basic,adaptive,20261009,client-1,web-1,web,TCP_PORT_BLOCKED,web-1:web,TCP_FILTER_OR_PORT_FAILURE,0.839187,web-1:80,strong,1,1,1,0,confident,4,5.671103001077427,2026-10-10T11:37:31.894900+00:00
exp-3f1052b8f5df,65,campus-port-blocked-web,campus-basic,adaptive,20261010,client-1,web-1,web,TCP_PORT_BLOCKED,web-1:web,TCP_FILTER_OR_PORT_FAILURE,0.839187,web-1:80,strong,1,1,1,0,confident,4,5.756195001595188,2026-10-10T11:37:32.173797+00:00
exp-3f1052b8f5df,109,campus-port-blocked-web,campus-basic,adaptive,20261011,client-1,web-1,web,TCP_PORT_BLOCKED,web-1:web,TCP_FILTER_OR_PORT_FAILURE,0.839187,web-1:80,strong,1,1,1,0,confident,4,5.646495999826584,2026-10-10T11:37:32.450788+00:00
exp-3f1052b8f5df,153,campus-port-blocked-web,campus-basic,adaptive,20261012,client-1,web-1,web,TCP_PORT_BLOCKED,web-1:web,TCP_FILTER_OR_PORT_FAILURE,0.839187,web-1:80,strong,1,1,1,0,confident,4,5.6968519966176245,2026-10-10T11:37:32.731444+00:00
exp-3f1052b8f5df,197,campus-port-blocked-web,campus-basic,adaptive,20261013,client-1,web-1,web,TCP_PORT_BLOCKED,web-1:web,TCP_FILTER_OR_PORT_FAILURE,0.839187,web-1:80,strong,1,1,1,0,confident,4,5.748610001319321,2026-10-10T11:37:33.022445+00:00
exp-3f1052b8f5df,241,campus-port-blocked-web,campus-basic,adaptive,20261014,client-1,web-1,web,TCP_PORT_BLOCKED,web-1:web,TCP_FILTER_OR_PORT_FAILURE,0.839187,web-1:80,strong,1,1,1,0,confident,4,6.368816997564863,2026-10-10T11:37:33.311647+00:00
exp-3f1052b8f5df,285,campus-port-blocked-web,campus-basic,adaptive,20261015,client-1,web-1,web,TCP_PORT_BLOCKED,web-1:web,TCP_FILTER_OR_PORT_FAILURE,0.839187,web-1:80,strong,1,1,1,0,confident,4,5.676974000380142,2026-10-10T11:37:33.593823+00:00
exp-3f1052b8f5df,329,campus-port-blocked-web,campus-basic,adaptive,20261016,client-1,web-1,web,TCP_PORT_BLOCKED,web-1:web,TCP_FILTER_OR_PORT_FAILURE,0.839187,web-1:80,strong,1,1,1,0,confident,4,5.819904999952996,2026-10-10T11:37:33.877001+00:00
exp-3f1052b8f5df,373,campus-port-blocked-web,campus-basic,adaptive,20261017,client-1,web-1,web,TCP_PORT_BLOCKED,web-1:web,TCP_FILTER_OR_PORT_FAILURE,0.839187,web-1:80,strong,1,1,1,0,confident,4,5.705527997633908,2026-10-10T11:37:34.166209+00:00
exp-3f1052b8f5df,417,campus-port-blocked-web,campus-basic,adaptive,20261018,client-1,web-1,web,TCP_PORT_BLOCKED,web-1:web,TCP_FILTER_OR_PORT_FAILURE,0.839187,web-1:80,strong,1,1,1,0,confident,4,5.64765900344355,2026-10-10T11:37:34.450013+00:00
exp-3f1052b8f5df,23,campus-port-rejected-db,campus-basic,adaptive,20261009,client-1,db-1,postgres,TCP_PORT_REJECTED,db-1:postgres,TCP_FILTER_OR_PORT_FAILURE,0.877038,db-1:5432,strong,1,1,1,0,confident,2,3.670525999041274,2026-10-10T11:37:31.905563+00:00
exp-3f1052b8f5df,67,campus-port-rejected-db,campus-basic,adaptive,20261010,client-1,db-1,postgres,TCP_PORT_REJECTED,db-1:postgres,TCP_FILTER_OR_PORT_FAILURE,0.877038,db-1:5432,strong,1,1,1,0,confident,2,3.274364000390051,2026-10-10T11:37:32.183906+00:00
exp-3f1052b8f5df,111,campus-port-rejected-db,campus-basic,adaptive,20261011,client-1,db-1,postgres,TCP_PORT_REJECTED,db-1:postgres,TCP_FILTER_OR_PORT_FAILURE,0.877038,db-1:5432,strong,1,1,1,0,confident,2,3.3481850005046,2026-10-10T11:37:32.461258+00:00
exp-3f1052b8f5df,155,campus-port-rejected-db,campus-basic,adaptive,20261012,client-1,db-1,postgres,TCP_PORT_REJECTED,db-1:postgres,TCP_FILTER_OR_PORT_FAILURE,0.877038,db-1:5432,strong,1,1,1,0,confident,2,3.395534000446787,2026-10-10T11:37:32.741842+00:00
exp-3f1052b8f5df,199,campus-port-rejected-db,campus-basic,adaptive,20261013,client-1,db-1,postgres,TCP_PORT_REJECTED,db-1:postgres,TCP_FILTER_OR_PORT_FAILURE,0.877038,db-1:5432,strong,1,1,1,0,confident,2,3.4445870005583856,2026-10-10T11:37:33.033532+00:00
exp-3f1052b8f5df,243,campus-port-rejected-db,campus-basic,adaptive,20261014,client-1,db-1,postgres,TCP_PORT_REJECTED,db-1:postgres,TCP_FILTER_OR_PORT_FAILURE,0.877038,db-1:5432,strong,1,1,1,0,confident,2,3.3770399968489073,2026-10-10T11:37:33.322634+00:00
exp-3f1052b8f5df,287,campus-port-rejected-db,campus-basic,adaptive,20261015,client-1,db-1,postgres,TCP_PORT_REJECTED,db-1:postgres,TCP_FILTER_OR_PORT_FAILURE,0.877038,db-1:5432,strong,1,1,1,0,confident,2,3.2880709986784495,2026-10-10T11:37:33.604468+00:00
exp-3f1052b8f5df,331,campus-port-rejected-db,campus-basic,adaptive,20261016,client-1,db-1,postgres,TCP_PORT_REJECTED,db-1:postgres,TCP_FILTER_OR_PORT_FAILURE,0.877038,db-1:5432,strong,1,1,1,0,confident,2,3.2766389995231293,2026-10-10T11:37:33.887441+00:00
exp-3f1052b8f5df,375,campus-port-rejected-db,campus-basic,adaptive,20261017,client-1,db-1,postgres,TCP_PORT_REJECTED,db-1:postgres,TCP_FILTER_OR_PORT_FAILURE,0.877038,db-1:5432,strong,1,1,1,0,confident,2,3.331061998324003,2026-10-10T11:37:34.176596+00:00
exp-3f1052b8f5df,419,campus-port-rejected-db,campus-basic,adaptive,20261018,client-1,db-1,postgres,TCP_PORT_REJECTED,db-1:postgres,TCP_FILTER_OR_PORT_FAILURE,0.877038,db-1:5432,strong,1,1,1,0,confident,2,3.4823300011339597,2026-10-10T11:37:34.460487+00:00
exp-3f1052b8f5df,7,campus-route-blackhole,campus-basic,adaptive,20261009,client-1,web-1,web,ROUTE_BLACKHOLE,l-campus-edge,ROUTING_FAILURE,0.822768,l-campus-edge,strong,1,1,1,0,confident,5,6.860599998617545,2026-10-10T11:37:31.804393+00:00
exp-3f1052b8f5df,51,campus-route-blackhole,campus-basic,adaptive,20261010,client-1,web-1,web,ROUTE_BLACKHOLE,l-campus-edge,ROUTING_FAILURE,0.822768,l-campus-edge,strong,1,1,1,0,confident,5,6.969006000872469,2026-10-10T11:37:32.080336+00:00
exp-3f1052b8f5df,95,campus-route-blackhole,campus-basic,adaptive,20261011,client-1,web-1,web,ROUTE_BLACKHOLE,l-campus-edge,ROUTING_FAILURE,0.822768,l-campus-edge,strong,1,1,1,0,confident,5,7.055871003103675,2026-10-10T11:37:32.359729+00:00
exp-3f1052b8f5df,139,campus-route-blackhole,campus-basic,adaptive,20261012,client-1,web-1,web,ROUTE_BLACKHOLE,l-campus-edge,ROUTING_FAILURE,0.822768,l-campus-edge,strong,1,1,1,0,confident,5,6.84027199895354,2026-10-10T11:37:32.637285+00:00
exp-3f1052b8f5df,183,campus-route-blackhole,campus-basic,adaptive,20261013,client-1,web-1,web,ROUTE_BLACKHOLE,l-campus-edge,ROUTING_FAILURE,0.822768,l-campus-edge,strong,1,1,1,0,confident,5,6.83917000060319,2026-10-10T11:37:32.920498+00:00
exp-3f1052b8f5df,227,campus-route-blackhole,campus-basic,adaptive,20261014,client-1,web-1,web,ROUTE_BLACKHOLE,l-campus-edge,ROUTING_FAILURE,0.822768,l-campus-edge,strong,1,1,1,0,confident,5,6.809794998844154,2026-10-10T11:37:33.215253+00:00
exp-3f1052b8f5df,271,campus-route-blackhole,campus-basic,adaptive,20261015,client-1,web-1,web,ROUTE_BLACKHOLE,l-campus-edge,ROUTING_FAILURE,0.822768,l-campus-edge,strong,1,1,1,0,confident,5,7.008972002950031,2026-10-10T11:37:33.498788+00:00
exp-3f1052b8f5df,315,campus-route-blackhole,campus-basic,adaptive,20261016,client-1,web-1,web,ROUTE_BLACKHOLE,l-campus-edge,ROUTING_FAILURE,0.822768,l-campus-edge,strong,1,1,1,0,confident,5,7.008692002273165,2026-10-10T11:37:33.784072+00:00
exp-3f1052b8f5df,359,campus-route-blackhole,campus-basic,adaptive,20261017,client-1,web-1,web,ROUTE_BLACKHOLE,l-campus-edge,ROUTING_FAILURE,0.822768,l-campus-edge,strong,1,1,1,0,confident,5,7.118019999325043,2026-10-10T11:37:34.068000+00:00
exp-3f1052b8f5df,403,campus-route-blackhole,campus-basic,adaptive,20261018,client-1,web-1,web,ROUTE_BLACKHOLE,l-campus-edge,ROUTING_FAILURE,0.822768,l-campus-edge,strong,1,1,1,0,confident,5,7.017307998467004,2026-10-10T11:37:34.359363+00:00
exp-3f1052b8f5df,25,campus-service-down-web,campus-basic,adaptive,20261009,client-1,web-1,web,SERVICE_DOWN,web-1:web,APPLICATION_SERVICE_FAILURE,0.909433,web-1:80,strong,1,1,1,0,confident,2,3.311415002826834,2026-10-10T11:37:31.915531+00:00
exp-3f1052b8f5df,69,campus-service-down-web,campus-basic,adaptive,20261010,client-1,web-1,web,SERVICE_DOWN,web-1:web,APPLICATION_SERVICE_FAILURE,0.909433,web-1:80,strong,1,1,1,0,confident,2,3.293159999884665,2026-10-10T11:37:32.193718+00:00
exp-3f1052b8f5df,113,campus-service-down-web,campus-basic,adaptive,20261011,client-1,web-1,web,SERVICE_DOWN,web-1:web,APPLICATION_SERVICE_FAILURE,0.909433,web-1:80,strong,1,1,1,0,confident,2,3.310211999632884,2026-10-10T11:37:32.471257+00:00
exp-3f1052b8f5df,157,campus-service-down-web,campus-basic,adaptive,20261012,client-1,web-1,web,SERVICE_DOWN,web-1:web,APPLICATION_SERVICE_FAILURE,0.909433,web-1:80,strong,1,1,1,0,confident,2,3.3519719981995877,2026-10-10T11:37:32.753141+00:00
exp-3f1052b8f5df,201,campus-service-down-web,campus-basic,adaptive,20261013,client-1,web-1,web,SERVICE_DOWN,web-1:web,APPLICATION_SERVICE_FAILURE,0.909433,web-1:80,strong,1,1,1,0,confident,2,3.286336999735795,2026-10-10T11:37:33.043525+00:00
exp-3f1052b8f5df,245,campus-service-down-web,campus-basic,adaptive,20261014,client-1,web-1,web,SERVICE_DOWN,web-1:web,APPLICATION_SERVICE_FAILURE,0.909433,web-1:80,strong,1,1,1,0,confident,2,3.2677009985491168,2026-10-10T11:37:33.332612+00:00
exp-3f1052b8f5df,289,campus-service-down-web,campus-basic,adaptive,20261015,client-1,web-1,web,SERVICE_DOWN,web-1:web,APPLICATION_SERVICE_FAILURE,0.909433,web-1:80,strong,1,1,1,0,confident,2,3.2849850031198002,2026-10-10T11:37:33.614427+00:00
exp-3f1052b8f5df,333,campus-service-down-web,campus-basic,adaptive,20261016,client-1,web-1,web,SERVICE_DOWN,web-1:web,APPLICATION_SERVICE_FAILURE,0.909433,web-1:80,strong,1,1,1,0,confident,2,3.3132789976662025,2026-10-10T11:37:33.897592+00:00
exp-3f1052b8f5df,377,campus-service-down-web,campus-basic,adaptive,20261017,client-1,web-1,web,SERVICE_DOWN,web-1:web,APPLICATION_SERVICE_FAILURE,0.909433,web-1:80,strong,1,1,1,0,confident,2,3.352763000293635,2026-10-10T11:37:34.186618+00:00
exp-3f1052b8f5df,421,campus-service-down-web,campus-basic,adaptive,20261018,client-1,web-1,web,SERVICE_DOWN,web-1:web,APPLICATION_SERVICE_FAILURE,0.909433,web-1:80,strong,1,1,1,0,confident,2,3.317074999358738,2026-10-10T11:37:34.470591+00:00
exp-3f1052b8f5df,35,multihop-dns-outage,multihop-wan,adaptive,20261009,client-1,app-1,api,DNS_FAILURE,dns-1,DNS_FAILURE,0.876636,dns-1,strong,1,1,1,0,confident,4,5.7503030002408195,2026-10-10T11:37:31.977109+00:00
exp-3f1052b8f5df,79,multihop-dns-outage,multihop-wan,adaptive,20261010,client-1,app-1,api,DNS_FAILURE,dns-1,DNS_FAILURE,0.876636,dns-1,strong,1,1,1,0,confident,4,5.938960999628762,2026-10-10T11:37:32.256741+00:00
exp-3f1052b8f5df,123,multihop-dns-outage,multihop-wan,adaptive,20261011,client-1,app-1,api,DNS_FAILURE,dns-1,DNS_FAILURE,0.876636,dns-1,strong,1,1,1,0,confident,4,5.684758998540929,2026-10-10T11:37:32.534800+00:00
exp-3f1052b8f5df,167,multihop-dns-outage,multihop-wan,adaptive,20261012,client-1,app-1,api,DNS_FAILURE,dns-1,DNS_FAILURE,0.876636,dns-1,strong,1,1,1,0,confident,4,5.6797699980961625,2026-10-10T11:37:32.815901+00:00
exp-3f1052b8f5df,211,multihop-dns-outage,multihop-wan,adaptive,20261013,client-1,app-1,api,DNS_FAILURE,dns-1,DNS_FAILURE,0.876636,dns-1,strong,1,1,1,0,confident,4,6.043519999366254,2026-10-10T11:37:33.108553+00:00
exp-3f1052b8f5df,255,multihop-dns-outage,multihop-wan,adaptive,20261014,client-1,app-1,api,DNS_FAILURE,dns-1,DNS_FAILURE,0.876636,dns-1,strong,1,1,1,0,confident,4,5.739372998505132,2026-10-10T11:37:33.395524+00:00
exp-3f1052b8f5df,299,multihop-dns-outage,multihop-wan,adaptive,20261015,client-1,app-1,api,DNS_FAILURE,dns-1,DNS_FAILURE,0.876636,dns-1,strong,1,1,1,0,confident,4,5.7886960021278355,2026-10-10T11:37:33.678123+00:00
exp-3f1052b8f5df,343,multihop-dns-outage,multihop-wan,adaptive,20261016,client-1,app-1,api,DNS_FAILURE,dns-1,DNS_FAILURE,0.876636,dns-1,strong,1,1,1,0,confident,4,5.7653220028441865,2026-10-10T11:37:33.964167+00:00
exp-3f1052b8f5df,387,multihop-dns-outage,multihop-wan,adaptive,20261017,client-1,app-1,api,DNS_FAILURE,dns-1,DNS_FAILURE,0.876636,dns-1,strong,1,1,1,0,confident,4,5.68217399995774,2026-10-10T11:37:34.254619+00:00
exp-3f1052b8f5df,431,multihop-dns-outage,multihop-wan,adaptive,20261018,client-1,app-1,api,DNS_FAILURE,dns-1,DNS_FAILURE,0.876636,dns-1,strong,1,1,1,0,confident,4,5.703574999643024,2026-10-10T11:37:34.536346+00:00
exp-3f1052b8f5df,37,multihop-latency-wan,multihop-wan,adaptive,20261009,client-1,app-1,api,HIGH_LATENCY,l-core-branch,HIGH_LATENCY,0.891741,,none,1,1,0,0,confident,5,6.712598999001784,2026-10-10T11:37:31.989010+00:00
exp-3f1052b8f5df,81,multihop-latency-wan,multihop-wan,adaptive,20261010,client-1,app-1,api,HIGH_LATENCY,l-core-branch,HIGH_LATENCY,0.891741,,none,1,1,0,0,confident,5,6.866892999823904,2026-10-10T11:37:32.269279+00:00
exp-3f1052b8f5df,125,multihop-latency-wan,multihop-wan,adaptive,20261011,client-1,app-1,api,HIGH_LATENCY,l-core-branch,HIGH_LATENCY,0.891741,,none,1,1,0,0,confident,5,6.765440000890521,2026-10-10T11:37:32.546975+00:00
exp-3f1052b8f5df,169,multihop-latency-wan,multihop-wan,adaptive,20261012,client-1,app-1,api,HIGH_LATENCY,l-core-branch,HIGH_LATENCY,0.891741,,none,1,1,0,0,confident,5,7.422577000397723,2026-10-10T11:37:32.828735+00:00
exp-3f1052b8f5df,213,multihop-latency-wan,multihop-wan,adaptive,20261013,client-1,app-1,api,HIGH_LATENCY,l-core-branch,HIGH_LATENCY,0.891741,,none,1,1,0,0,confident,5,6.768064999050694,2026-10-10T11:37:33.121539+00:00
exp-3f1052b8f5df,257,multihop-latency-wan,multihop-wan,adaptive,20261014,client-1,app-1,api,HIGH_LATENCY,l-core-branch,HIGH_LATENCY,0.891741,,none,1,1,0,0,confident,5,6.703401999402558,2026-10-10T11:37:33.407628+00:00
exp-3f1052b8f5df,301,multihop-latency-wan,multihop-wan,adaptive,20261015,client-1,app-1,api,HIGH_LATENCY,l-core-branch,HIGH_LATENCY,0.891741,,none,1,1,0,0,confident,5,6.833087998529663,2026-10-10T11:37:33.690364+00:00
exp-3f1052b8f5df,345,multihop-latency-wan,multihop-wan,adaptive,20261016,client-1,app-1,api,HIGH_LATENCY,l-core-branch,HIGH_LATENCY,0.891741,,none,1,1,0,0,confident,5,6.753638001100626,2026-10-10T11:37:33.976383+00:00
exp-3f1052b8f5df,389,multihop-latency-wan,multihop-wan,adaptive,20261017,client-1,app-1,api,HIGH_LATENCY,l-core-branch,HIGH_LATENCY,0.891741,,none,1,1,0,0,confident,5,7.0031710019975435,2026-10-10T11:37:34.267806+00:00
exp-3f1052b8f5df,433,multihop-latency-wan,multihop-wan,adaptive,20261018,client-1,app-1,api,HIGH_LATENCY,l-core-branch,HIGH_LATENCY,0.891741,,none,1,1,0,0,confident,5,6.665711000096053,2026-10-10T11:37:34.548723+00:00
exp-3f1052b8f5df,31,multihop-link-down-core-branch,multihop-wan,adaptive,20261009,client-1,app-1,api,LINK_DOWN,l-core-branch,LINK_FAILURE,0.810667,l-core-branch,strong,1,1,1,0,confident,5,7.114743002603063,2026-10-10T11:37:31.950765+00:00
exp-3f1052b8f5df,75,multihop-link-down-core-branch,multihop-wan,adaptive,20261010,client-1,app-1,api,LINK_DOWN,l-core-branch,LINK_FAILURE,0.810667,l-core-branch,strong,1,1,1,0,confident,5,7.443167000019457,2026-10-10T11:37:32.230204+00:00
exp-3f1052b8f5df,119,multihop-link-down-core-branch,multihop-wan,adaptive,20261011,client-1,app-1,api,LINK_DOWN,l-core-branch,LINK_FAILURE,0.810667,l-core-branch,strong,1,1,1,0,confident,5,7.40718800079776,2026-10-10T11:37:32.508014+00:00
exp-3f1052b8f5df,163,multihop-link-down-core-branch,multihop-wan,adaptive,20261012,client-1,app-1,api,LINK_DOWN,l-core-branch,LINK_FAILURE,0.810667,l-core-branch,strong,1,1,1,0,confident,5,7.299032000446459,2026-10-10T11:37:32.789511+00:00
exp-3f1052b8f5df,207,multihop-link-down-core-branch,multihop-wan,adaptive,20261013,client-1,app-1,api,LINK_DOWN,l-core-branch,LINK_FAILURE,0.810667,l-core-branch,strong,1,1,1,0,confident,5,7.005956998909824,2026-10-10T11:37:33.080673+00:00
exp-3f1052b8f5df,251,multihop-link-down-core-branch,multihop-wan,adaptive,20261014,client-1,app-1,api,LINK_DOWN,l-core-branch,LINK_FAILURE,0.810667,l-core-branch,strong,1,1,1,0,confident,5,6.903482000780059,2026-10-10T11:37:33.368010+00:00
exp-3f1052b8f5df,295,multihop-link-down-core-branch,multihop-wan,adaptive,20261015,client-1,app-1,api,LINK_DOWN,l-core-branch,LINK_FAILURE,0.810667,l-core-branch,strong,1,1,1,0,confident,5,6.891749999340391,2026-10-10T11:37:33.651026+00:00
exp-3f1052b8f5df,339,multihop-link-down-core-branch,multihop-wan,adaptive,20261016,client-1,app-1,api,LINK_DOWN,l-core-branch,LINK_FAILURE,0.810667,l-core-branch,strong,1,1,1,0,confident,5,6.89746100033517,2026-10-10T11:37:33.935134+00:00
exp-3f1052b8f5df,383,multihop-link-down-core-branch,multihop-wan,adaptive,20261017,client-1,app-1,api,LINK_DOWN,l-core-branch,LINK_FAILURE,0.810667,l-core-branch,strong,1,1,1,0,confident,5,7.127737000701018,2026-10-10T11:37:34.228212+00:00
exp-3f1052b8f5df,427,multihop-link-down-core-branch,multihop-wan,adaptive,20261018,client-1,app-1,api,LINK_DOWN,l-core-branch,LINK_FAILURE,0.810667,l-core-branch,strong,1,1,1,0,confident,5,7.357654001680203,2026-10-10T11:37:34.507352+00:00
exp-3f1052b8f5df,39,multihop-mtu-edge-core,multihop-wan,adaptive,20261009,client-1,app-1,api,MTU_BLACK_HOLE,l-edge-core,MTU_BLACK_HOLE,0.962237,l-edge-core,strong,1,1,1,0,confident,4,5.759120002039708,2026-10-10T11:37:32.000960+00:00
exp-3f1052b8f5df,83,multihop-mtu-edge-core,multihop-wan,adaptive,20261010,client-1,app-1,api,MTU_BLACK_HOLE,l-edge-core,MTU_BLACK_HOLE,0.962237,l-edge-core,strong,1,1,1,0,confident,4,5.9430889996292535,2026-10-10T11:37:32.282111+00:00
exp-3f1052b8f5df,127,multihop-mtu-edge-core,multihop-wan,adaptive,20261011,client-1,app-1,api,MTU_BLACK_HOLE,l-edge-core,MTU_BLACK_HOLE,0.962237,l-edge-core,strong,1,1,1,0,confident,4,5.817370998556726,2026-10-10T11:37:32.559323+00:00
exp-3f1052b8f5df,171,multihop-mtu-edge-core,multihop-wan,adaptive,20261012,client-1,app-1,api,MTU_BLACK_HOLE,l-edge-core,MTU_BLACK_HOLE,0.962237,l-edge-core,strong,1,1,1,0,confident,4,5.869589000212727,2026-10-10T11:37:32.841404+00:00
exp-3f1052b8f5df,215,multihop-mtu-edge-core,multihop-wan,adaptive,20261013,client-1,app-1,api,MTU_BLACK_HOLE,l-edge-core,MTU_BLACK_HOLE,0.962237,l-edge-core,strong,1,1,1,0,confident,4,5.788564998510992,2026-10-10T11:37:33.134161+00:00
exp-3f1052b8f5df,259,multihop-mtu-edge-core,multihop-wan,adaptive,20261014,client-1,app-1,api,MTU_BLACK_HOLE,l-edge-core,MTU_BLACK_HOLE,0.962237,l-edge-core,strong,1,1,1,0,confident,4,5.802772997412831,2026-10-10T11:37:33.420021+00:00
exp-3f1052b8f5df,303,multihop-mtu-edge-core,multihop-wan,adaptive,20261015,client-1,app-1,api,MTU_BLACK_HOLE,l-edge-core,MTU_BLACK_HOLE,0.962237,l-edge-core,strong,1,1,1,0,confident,4,8.13734399707755,2026-10-10T11:37:33.705250+00:00
exp-3f1052b8f5df,347,multihop-mtu-edge-core,multihop-wan,adaptive,20261016,client-1,app-1,api,MTU_BLACK_HOLE,l-edge-core,MTU_BLACK_HOLE,0.962237,l-edge-core,strong,1,1,1,0,confident,4,5.7633079995866865,2026-10-10T11:37:33.988709+00:00
exp-3f1052b8f5df,391,multihop-mtu-edge-core,multihop-wan,adaptive,20261017,client-1,app-1,api,MTU_BLACK_HOLE,l-edge-core,MTU_BLACK_HOLE,0.962237,l-edge-core,strong,1,1,1,0,confident,4,6.047918999684043,2026-10-10T11:37:34.280640+00:00
exp-3f1052b8f5df,435,multihop-mtu-edge-core,multihop-wan,adaptive,20261018,client-1,app-1,api,MTU_BLACK_HOLE,l-edge-core,MTU_BLACK_HOLE,0.962237,l-edge-core,strong,1,1,1,0,confident,4,6.030645003193058,2026-10-10T11:37:34.561573+00:00
exp-3f1052b8f5df,29,multihop-nofault-api,multihop-wan,adaptive,20261009,client-1,app-1,api,,,NO_FAULT_DETECTED,0.967778,,none,1,1,,0,confident,4,5.833110997627955,2026-10-10T11:37:31.937581+00:00
exp-3f1052b8f5df,73,multihop-nofault-api,multihop-wan,adaptive,20261010,client-1,app-1,api,,,NO_FAULT_DETECTED,0.967778,,none,1,1,,0,confident,4,5.852055997820571,2026-10-10T11:37:32.216205+00:00
exp-3f1052b8f5df,117,multihop-nofault-api,multihop-wan,adaptive,20261011,client-1,app-1,api,,,NO_FAULT_DETECTED,0.967778,,none,1,1,,0,confident,4,5.936457000643713,2026-10-10T11:37:32.494311+00:00
exp-3f1052b8f5df,161,multihop-nofault-api,multihop-wan,adaptive,20261012,client-1,app-1,api,,,NO_FAULT_DETECTED,0.967778,,none,1,1,,0,confident,4,5.885901002329774,2026-10-10T11:37:32.775942+00:00
exp-3f1052b8f5df,205,multihop-nofault-api,multihop-wan,adaptive,20261013,client-1,app-1,api,,,NO_FAULT_DETECTED,0.967778,,none,1,1,,0,confident,4,5.880320000869688,2026-10-10T11:37:33.067395+00:00
exp-3f1052b8f5df,249,multihop-nofault-api,multihop-wan,adaptive,20261014,client-1,app-1,api,,,NO_FAULT_DETECTED,0.967778,,none,1,1,,0,confident,4,5.760472999099875,2026-10-10T11:37:33.355137+00:00
exp-3f1052b8f5df,293,multihop-nofault-api,multihop-wan,adaptive,20261015,client-1,app-1,api,,,NO_FAULT_DETECTED,0.967778,,none,1,1,,0,confident,4,5.81462500122143,2026-10-10T11:37:33.637704+00:00
exp-3f1052b8f5df,337,multihop-nofault-api,multihop-wan,adaptive,20261016,client-1,app-1,api,,,NO_FAULT_DETECTED,0.967778,,none,1,1,,0,confident,4,5.822700997669017,2026-10-10T11:37:33.921997+00:00
exp-3f1052b8f5df,381,multihop-nofault-api,multihop-wan,adaptive,20261017,client-1,app-1,api,,,NO_FAULT_DETECTED,0.967778,,none,1,1,,0,confident,4,5.965913002000889,2026-10-10T11:37:34.214865+00:00
exp-3f1052b8f5df,425,multihop-nofault-api,multihop-wan,adaptive,20261018,client-1,app-1,api,,,NO_FAULT_DETECTED,0.967778,,none,1,1,,0,confident,4,6.04430100065656,2026-10-10T11:37:34.493837+00:00
exp-3f1052b8f5df,41,multihop-port-blocked-admin,multihop-wan,adaptive,20261009,client-1,app-1,admin,TCP_PORT_BLOCKED,app-1:admin,TCP_FILTER_OR_PORT_FAILURE,0.839187,app-1:9090,strong,1,1,1,0,confident,4,5.635835997964023,2026-10-10T11:37:32.012561+00:00
exp-3f1052b8f5df,85,multihop-port-blocked-admin,multihop-wan,adaptive,20261010,client-1,app-1,admin,TCP_PORT_BLOCKED,app-1:admin,TCP_FILTER_OR_PORT_FAILURE,0.839187,app-1:9090,strong,1,1,1,0,confident,4,5.725556999095716,2026-10-10T11:37:32.294086+00:00
exp-3f1052b8f5df,129,multihop-port-blocked-admin,multihop-wan,adaptive,20261011,client-1,app-1,admin,TCP_PORT_BLOCKED,app-1:admin,TCP_FILTER_OR_PORT_FAILURE,0.839187,app-1:9090,strong,1,1,1,0,confident,4,5.79163200018229,2026-10-10T11:37:32.571616+00:00
exp-3f1052b8f5df,173,multihop-port-blocked-admin,multihop-wan,adaptive,20261012,client-1,app-1,admin,TCP_PORT_BLOCKED,app-1:admin,TCP_FILTER_OR_PORT_FAILURE,0.839187,app-1:9090,strong,1,1,1,0,confident,4,5.619925999781117,2026-10-10T11:37:32.853241+00:00
exp-3f1052b8f5df,217,multihop-port-blocked-admin,multihop-wan,adaptive,20261013,client-1,app-1,admin,TCP_PORT_BLOCKED,app-1:admin,TCP_FILTER_OR_PORT_FAILURE,0.839187,app-1:9090,strong,1,1,1,0,confident,4,6.109174999437528,2026-10-10T11:37:33.146603+00:00
exp-3f1052b8f5df,261,multihop-port-blocked-admin,multihop-wan,adaptive,20261014,client-1,app-1,admin,TCP_PORT_BLOCKED,app-1:admin,TCP_FILTER_OR_PORT_FAILURE,0.839187,app-1:9090,strong,1,1,1,0,confident,4,5.604796999250539,2026-10-10T11:37:33.431827+00:00
exp-3f1052b8f5df,305,multihop-port-blocked-admin,multihop-wan,adaptive,20261015,client-1,app-1,admin,TCP_PORT_BLOCKED,app-1:admin,TCP_FILTER_OR_PORT_FAILURE,0.839187,app-1:9090,strong,1,1,1,0,confident,4,5.756354999903124,2026-10-10T11:37:33.717850+00:00
exp-3f1052b8f5df,349,multihop-port-blocked-admin,multihop-wan,adaptive,20261016,client-1,app-1,admin,TCP_PORT_BLOCKED,app-1:admin,TCP_FILTER_OR_PORT_FAILURE,0.839187,app-1:9090,strong,1,1,1,0,confident,4,5.652388001180952,2026-10-10T11:37:34.000646+00:00
exp-3f1052b8f5df,393,multihop-port-blocked-admin,multihop-wan,adaptive,20261017,client-1,app-1,admin,TCP_PORT_BLOCKED,app-1:admin,TCP_FILTER_OR_PORT_FAILURE,0.839187,app-1:9090,strong,1,1,1,0,confident,4,5.667106001055799,2026-10-10T11:37:34.292527+00:00
exp-3f1052b8f5df,437,multihop-port-blocked-admin,multihop-wan,adaptive,20261018,client-1,app-1,admin,TCP_PORT_BLOCKED,app-1:admin,TCP_FILTER_OR_PORT_FAILURE,0.839187,app-1:9090,strong,1,1,1,0,confident,4,5.683927000063704,2026-10-10T11:37:34.573854+00:00
exp-3f1052b8f5df,33,multihop-route-blackhole,multihop-wan,adaptive,20261009,client-1,app-1,api,ROUTE_BLACKHOLE,l-edge-core,ROUTING_FAILURE,0.822768,l-edge-core,strong,1,1,1,0,confident,5,6.702279999444727,2026-10-10T11:37:31.964626+00:00
exp-3f1052b8f5df,77,multihop-route-blackhole,multihop-wan,adaptive,20261010,client-1,app-1,api,ROUTE_BLACKHOLE,l-edge-core,ROUTING_FAILURE,0.822768,l-edge-core,strong,1,1,1,0,confident,5,6.785128000046825,2026-10-10T11:37:32.244018+00:00
exp-3f1052b8f5df,121,multihop-route-blackhole,multihop-wan,adaptive,20261011,client-1,app-1,api,ROUTE_BLACKHOLE,l-edge-core,ROUTING_FAILURE,0.822768,l-edge-core,strong,1,1,1,0,confident,5,6.77453800017247,2026-10-10T11:37:32.522289+00:00
exp-3f1052b8f5df,165,multihop-route-blackhole,multihop-wan,adaptive,20261012,client-1,app-1,api,ROUTE_BLACKHOLE,l-edge-core,ROUTING_FAILURE,0.822768,l-edge-core,strong,1,1,1,0,confident,5,6.727328000124544,2026-10-10T11:37:32.803339+00:00
exp-3f1052b8f5df,209,multihop-route-blackhole,multihop-wan,adaptive,20261013,client-1,app-1,api,ROUTE_BLACKHOLE,l-edge-core,ROUTING_FAILURE,0.822768,l-edge-core,strong,1,1,1,0,confident,5,6.905655998707516,2026-10-10T11:37:33.094944+00:00
exp-3f1052b8f5df,253,multihop-route-blackhole,multihop-wan,adaptive,20261014,client-1,app-1,api,ROUTE_BLACKHOLE,l-edge-core,ROUTING_FAILURE,0.822768,l-edge-core,strong,1,1,1,0,confident,5,6.712719998176908,2026-10-10T11:37:33.382243+00:00
exp-3f1052b8f5df,297,multihop-route-blackhole,multihop-wan,adaptive,20261015,client-1,app-1,api,ROUTE_BLACKHOLE,l-edge-core,ROUTING_FAILURE,0.822768,l-edge-core,strong,1,1,1,0,confident,5,6.806407000112813,2026-10-10T11:37:33.665305+00:00
exp-3f1052b8f5df,341,multihop-route-blackhole,multihop-wan,adaptive,20261016,client-1,app-1,api,ROUTE_BLACKHOLE,l-edge-core,ROUTING_FAILURE,0.822768,l-edge-core,strong,1,1,1,0,confident,5,8.099562001007143,2026-10-10T11:37:33.951107+00:00
exp-3f1052b8f5df,385,multihop-route-blackhole,multihop-wan,adaptive,20261017,client-1,app-1,api,ROUTE_BLACKHOLE,l-edge-core,ROUTING_FAILURE,0.822768,l-edge-core,strong,1,1,1,0,confident,5,6.809903999965172,2026-10-10T11:37:34.242156+00:00
exp-3f1052b8f5df,429,multihop-route-blackhole,multihop-wan,adaptive,20261018,client-1,app-1,api,ROUTE_BLACKHOLE,l-edge-core,ROUTING_FAILURE,0.822768,l-edge-core,strong,1,1,1,0,confident,5,6.764908997865859,2026-10-10T11:37:34.522377+00:00
exp-3f1052b8f5df,43,multihop-service-down-api,multihop-wan,adaptive,20261009,client-1,app-1,api,SERVICE_DOWN,app-1:api,APPLICATION_SERVICE_FAILURE,0.909433,app-1:8080,strong,1,1,1,0,confident,2,3.4188189965789206,2026-10-10T11:37:32.022633+00:00
exp-3f1052b8f5df,87,multihop-service-down-api,multihop-wan,adaptive,20261010,client-1,app-1,api,SERVICE_DOWN,app-1:api,APPLICATION_SERVICE_FAILURE,0.909433,app-1:8080,strong,1,1,1,0,confident,2,3.339798000524752,2026-10-10T11:37:32.304239+00:00
exp-3f1052b8f5df,131,multihop-service-down-api,multihop-wan,adaptive,20261011,client-1,app-1,api,SERVICE_DOWN,app-1:api,APPLICATION_SERVICE_FAILURE,0.909433,app-1:8080,strong,1,1,1,0,confident,2,3.3248309991904534,2026-10-10T11:37:32.581950+00:00
exp-3f1052b8f5df,175,multihop-service-down-api,multihop-wan,adaptive,20261012,client-1,app-1,api,SERVICE_DOWN,app-1:api,APPLICATION_SERVICE_FAILURE,0.909433,app-1:8080,strong,1,1,1,0,confident,2,3.2736129978729878,2026-10-10T11:37:32.863629+00:00
exp-3f1052b8f5df,219,multihop-service-down-api,multihop-wan,adaptive,20261013,client-1,app-1,api,SERVICE_DOWN,app-1:api,APPLICATION_SERVICE_FAILURE,0.909433,app-1:8080,strong,1,1,1,0,confident,2,3.630680999776814,2026-10-10T11:37:33.157700+00:00
exp-3f1052b8f5df,263,multihop-service-down-api,multihop-wan,adaptive,20261014,client-1,app-1,api,SERVICE_DOWN,app-1:api,APPLICATION_SERVICE_FAILURE,0.909433,app-1:8080,strong,1,1,1,0,confident,2,3.266389001510106,2026-10-10T11:37:33.441892+00:00
exp-3f1052b8f5df,307,multihop-service-down-api,multihop-wan,adaptive,20261015,client-1,app-1,api,SERVICE_DOWN,app-1:api,APPLICATION_SERVICE_FAILURE,0.909433,app-1:8080,strong,1,1,1,0,confident,2,3.3019469992723316,2026-10-10T11:37:33.728204+00:00
exp-3f1052b8f5df,351,multihop-service-down-api,multihop-wan,adaptive,20261016,client-1,app-1,api,SERVICE_DOWN,app-1:api,APPLICATION_SERVICE_FAILURE,0.909433,app-1:8080,strong,1,1,1,0,confident,2,3.2775899999251124,2026-10-10T11:37:34.011030+00:00
exp-3f1052b8f5df,395,multihop-service-down-api,multihop-wan,adaptive,20261017,client-1,app-1,api,SERVICE_DOWN,app-1:api,APPLICATION_SERVICE_FAILURE,0.909433,app-1:8080,strong,1,1,1,0,confident,2,3.377801000169711,2026-10-10T11:37:34.302727+00:00
exp-3f1052b8f5df,439,multihop-service-down-api,multihop-wan,adaptive,20261018,client-1,app-1,api,SERVICE_DOWN,app-1:api,APPLICATION_SERVICE_FAILURE,0.909433,app-1:8080,strong,1,1,1,0,confident,2,3.2520719978492707,2026-10-10T11:37:34.584218+00:00
exp-3f1052b8f5df,10,campus-dns-outage,campus-basic,baseline,20261009,client-1,web-1,web,DNS_FAILURE,dns-1,DNS_FAILURE,0.676055,dns-1,strong,1,1,1,1,inconclusive,4,1.5490699988731649,2026-10-10T11:37:31.820664+00:00
exp-3f1052b8f5df,54,campus-dns-outage,campus-basic,baseline,20261010,client-1,web-1,web,DNS_FAILURE,dns-1,DNS_FAILURE,0.676055,dns-1,strong,1,1,1,1,inconclusive,4,1.5434489978360943,2026-10-10T11:37:32.096974+00:00
exp-3f1052b8f5df,98,campus-dns-outage,campus-basic,baseline,20261011,client-1,web-1,web,DNS_FAILURE,dns-1,DNS_FAILURE,0.676055,dns-1,strong,1,1,1,1,inconclusive,4,1.5372269990621135,2026-10-10T11:37:32.376078+00:00
exp-3f1052b8f5df,142,campus-dns-outage,campus-basic,baseline,20261012,client-1,web-1,web,DNS_FAILURE,dns-1,DNS_FAILURE,0.676055,dns-1,strong,1,1,1,1,inconclusive,4,1.5124909987207502,2026-10-10T11:37:32.653544+00:00
exp-3f1052b8f5df,186,campus-dns-outage,campus-basic,baseline,20261013,client-1,web-1,web,DNS_FAILURE,dns-1,DNS_FAILURE,0.676055,dns-1,strong,1,1,1,1,inconclusive,4,1.5303850013879128,2026-10-10T11:37:32.937074+00:00
exp-3f1052b8f5df,230,campus-dns-outage,campus-basic,baseline,20261014,client-1,web-1,web,DNS_FAILURE,dns-1,DNS_FAILURE,0.676055,dns-1,strong,1,1,1,1,inconclusive,4,1.5410439991683234,2026-10-10T11:37:33.233436+00:00
exp-3f1052b8f5df,274,campus-dns-outage,campus-basic,baseline,20261015,client-1,web-1,web,DNS_FAILURE,dns-1,DNS_FAILURE,0.676055,dns-1,strong,1,1,1,1,inconclusive,4,1.5366860025096685,2026-10-10T11:37:33.516107+00:00
exp-3f1052b8f5df,318,campus-dns-outage,campus-basic,baseline,20261016,client-1,web-1,web,DNS_FAILURE,dns-1,DNS_FAILURE,0.676055,dns-1,strong,1,1,1,1,inconclusive,4,1.5146449986787047,2026-10-10T11:37:33.801268+00:00
exp-3f1052b8f5df,362,campus-dns-outage,campus-basic,baseline,20261017,client-1,web-1,web,DNS_FAILURE,dns-1,DNS_FAILURE,0.676055,dns-1,strong,1,1,1,1,inconclusive,4,1.6325879987562075,2026-10-10T11:37:34.085032+00:00
exp-3f1052b8f5df,406,campus-dns-outage,campus-basic,baseline,20261018,client-1,web-1,web,DNS_FAILURE,dns-1,DNS_FAILURE,0.676055,dns-1,strong,1,1,1,1,inconclusive,4,1.5322180006478447,2026-10-10T11:37:34.375807+00:00
exp-3f1052b8f5df,28,campus-gateway-unreachable,campus-basic,baseline,20261009,client-1,web-1,web,GATEWAY_UNREACHABLE,l-client1-access,LINK_FAILURE,0.85043,l-client1-access,moderate,1,1,1,0,confident,3,1.3019110010645818,2026-10-10T11:37:31.929911+00:00
exp-3f1052b8f5df,72,campus-gateway-unreachable,campus-basic,baseline,20261010,client-1,web-1,web,GATEWAY_UNREACHABLE,l-client1-access,LINK_FAILURE,0.85043,l-client1-access,moderate,1,1,1,0,confident,3,1.3379699994402472,2026-10-10T11:37:32.208461+00:00
exp-3f1052b8f5df,116,campus-gateway-unreachable,campus-basic,baseline,20261011,client-1,web-1,web,GATEWAY_UNREACHABLE,l-client1-access,LINK_FAILURE,0.85043,l-client1-access,moderate,1,1,1,0,confident,3,1.3253350007289555,2026-10-10T11:37:32.486471+00:00
exp-3f1052b8f5df,160,campus-gateway-unreachable,campus-basic,baseline,20261012,client-1,web-1,web,GATEWAY_UNREACHABLE,l-client1-access,LINK_FAILURE,0.85043,l-client1-access,moderate,1,1,1,0,confident,3,1.3034340008744039,2026-10-10T11:37:32.768138+00:00
exp-3f1052b8f5df,204,campus-gateway-unreachable,campus-basic,baseline,20261013,client-1,web-1,web,GATEWAY_UNREACHABLE,l-client1-access,LINK_FAILURE,0.85043,l-client1-access,moderate,1,1,1,0,confident,3,1.4450130001932848,2026-10-10T11:37:33.059438+00:00
exp-3f1052b8f5df,248,campus-gateway-unreachable,campus-basic,baseline,20261014,client-1,web-1,web,GATEWAY_UNREACHABLE,l-client1-access,LINK_FAILURE,0.85043,l-client1-access,moderate,1,1,1,0,confident,3,1.2930439988849685,2026-10-10T11:37:33.347426+00:00
exp-3f1052b8f5df,292,campus-gateway-unreachable,campus-basic,baseline,20261015,client-1,web-1,web,GATEWAY_UNREACHABLE,l-client1-access,LINK_FAILURE,0.85043,l-client1-access,moderate,1,1,1,0,confident,3,1.342366998869693,2026-10-10T11:37:33.629927+00:00
exp-3f1052b8f5df,336,campus-gateway-unreachable,campus-basic,baseline,20261016,client-1,web-1,web,GATEWAY_UNREACHABLE,l-client1-access,LINK_FAILURE,0.85043,l-client1-access,moderate,1,1,1,0,confident,3,1.3202160007494967,2026-10-10T11:37:33.914284+00:00
exp-3f1052b8f5df,380,campus-gateway-unreachable,campus-basic,baseline,20261017,client-1,web-1,web,GATEWAY_UNREACHABLE,l-client1-access,LINK_FAILURE,0.85043,l-client1-access,moderate,1,1,1,0,confident,3,1.3520760003302712,2026-10-10T11:37:34.206914+00:00
exp-3f1052b8f5df,424,campus-gateway-unreachable,campus-basic,baseline,20261018,client-1,web-1,web,GATEWAY_UNREACHABLE,l-client1-access,LINK_FAILURE,0.85043,l-client1-access,moderate,1,1,1,0,confident,3,1.3142440002411604,2026-10-10T11:37:34.485877+00:00
exp-3f1052b8f5df,16,campus-high-latency,campus-basic,baseline,20261009,client-1,web-1,web,HIGH_LATENCY,l-access-campus,HIGH_LATENCY,0.814501,,none,1,1,0,0,confident,7,2.8885120009363163,2026-10-10T11:37:31.862968+00:00
exp-3f1052b8f5df,60,campus-high-latency,campus-basic,baseline,20261010,client-1,web-1,web,HIGH_LATENCY,l-access-campus,HIGH_LATENCY,0.814501,,none,1,1,0,0,confident,7,2.880486998037668,2026-10-10T11:37:32.142088+00:00
exp-3f1052b8f5df,104,campus-high-latency,campus-basic,baseline,20261011,client-1,web-1,web,HIGH_LATENCY,l-access-campus,HIGH_LATENCY,0.814501,,none,1,1,0,0,confident,7,2.660650003235787,2026-10-10T11:37:32.417994+00:00
exp-3f1052b8f5df,148,campus-high-latency,campus-basic,baseline,20261012,client-1,web-1,web,HIGH_LATENCY,l-access-campus,HIGH_LATENCY,0.814501,,none,1,1,0,0,confident,7,2.6697169996623415,2026-10-10T11:37:32.697023+00:00
exp-3f1052b8f5df,192,campus-high-latency,campus-basic,baseline,20261013,client-1,web-1,web,HIGH_LATENCY,l-access-campus,HIGH_LATENCY,0.814501,,none,1,1,0,0,confident,7,2.8793150013370905,2026-10-10T11:37:32.983364+00:00
exp-3f1052b8f5df,236,campus-high-latency,campus-basic,baseline,20261014,client-1,web-1,web,HIGH_LATENCY,l-access-campus,HIGH_LATENCY,0.814501,,none,1,1,0,0,confident,7,2.6833329975488596,2026-10-10T11:37:33.277476+00:00
exp-3f1052b8f5df,280,campus-high-latency,campus-basic,baseline,20261015,client-1,web-1,web,HIGH_LATENCY,l-access-campus,HIGH_LATENCY,0.814501,,none,1,1,0,0,confident,7,2.7171870024176314,2026-10-10T11:37:33.561135+00:00
exp-3f1052b8f5df,324,campus-high-latency,campus-basic,baseline,20261016,client-1,web-1,web,HIGH_LATENCY,l-access-campus,HIGH_LATENCY,0.814501,,none,1,1,0,0,confident,7,2.668133998668054,2026-10-10T11:37:33.844215+00:00
exp-3f1052b8f5df,368,campus-high-latency,campus-basic,baseline,20261017,client-1,web-1,web,HIGH_LATENCY,l-access-campus,HIGH_LATENCY,0.814501,,none,1,1,0,0,confident,7,2.7095920013380237,2026-10-10T11:37:34.131995+00:00
exp-3f1052b8f5df,412,campus-high-latency,campus-basic,baseline,20261018,client-1,web-1,web,HIGH_LATENCY,l-access-campus,HIGH_LATENCY,0.814501,,none,1,1,0,0,confident,7,2.670046997081954,2026-10-10T11:37:34.417237+00:00
exp-3f1052b8f5df,6,campus-link-down-far,campus-basic,baseline,20261009,client-1,web-1,web,LINK_DOWN,l-campus-edge,ROUTING_FAILURE,0.669625,l-campus-edge,strong,0,1,1,1,budget_exhausted,8,3.482820000499487,2026-10-10T11:37:31.795530+00:00
exp-3f1052b8f5df,50,campus-link-down-far,campus-basic,baseline,20261010,client-1,web-1,web,LINK_DOWN,l-campus-edge,ROUTING_FAILURE,0.669625,l-campus-edge,strong,0,1,1,1,budget_exhausted,8,3.613077999034431,2026-10-10T11:37:32.071278+00:00
exp-3f1052b8f5df,94,campus-link-down-far,campus-basic,baseline,20261011,client-1,web-1,web,LINK_DOWN,l-campus-edge,ROUTING_FAILURE,0.669625,l-campus-edge,strong,0,1,1,1,budget_exhausted,8,3.6064949999854434,2026-10-10T11:37:32.350728+00:00
exp-3f1052b8f5df,138,campus-link-down-far,campus-basic,baseline,20261012,client-1,web-1,web,LINK_DOWN,l-campus-edge,ROUTING_FAILURE,0.669625,l-campus-edge,strong,0,1,1,1,budget_exhausted,8,3.4429549996275455,2026-10-10T11:37:32.628407+00:00
exp-3f1052b8f5df,182,campus-link-down-far,campus-basic,baseline,20261013,client-1,web-1,web,LINK_DOWN,l-campus-edge,ROUTING_FAILURE,0.669625,l-campus-edge,strong,0,1,1,1,budget_exhausted,8,3.76540599972941,2026-10-10T11:37:32.911521+00:00
exp-3f1052b8f5df,226,campus-link-down-far,campus-basic,baseline,20261014,client-1,web-1,web,LINK_DOWN,l-campus-edge,ROUTING_FAILURE,0.669625,l-campus-edge,strong,0,1,1,1,budget_exhausted,8,3.4451789979357272,2026-10-10T11:37:33.206394+00:00
exp-3f1052b8f5df,270,campus-link-down-far,campus-basic,baseline,20261015,client-1,web-1,web,LINK_DOWN,l-campus-edge,ROUTING_FAILURE,0.669625,l-campus-edge,strong,0,1,1,1,budget_exhausted,8,3.603839999414049,2026-10-10T11:37:33.489775+00:00
exp-3f1052b8f5df,314,campus-link-down-far,campus-basic,baseline,20261016,client-1,web-1,web,LINK_DOWN,l-campus-edge,ROUTING_FAILURE,0.669625,l-campus-edge,strong,0,1,1,1,budget_exhausted,8,3.491015999316005,2026-10-10T11:37:33.775033+00:00
exp-3f1052b8f5df,358,campus-link-down-far,campus-basic,baseline,20261017,client-1,web-1,web,LINK_DOWN,l-campus-edge,ROUTING_FAILURE,0.669625,l-campus-edge,strong,0,1,1,1,budget_exhausted,8,3.6214329993526917,2026-10-10T11:37:34.058504+00:00
exp-3f1052b8f5df,402,campus-link-down-far,campus-basic,baseline,20261018,client-1,web-1,web,LINK_DOWN,l-campus-edge,ROUTING_FAILURE,0.669625,l-campus-edge,strong,0,1,1,1,budget_exhausted,8,4.439426000317326,2026-10-10T11:37:34.350165+00:00
exp-3f1052b8f5df,4,campus-link-down-near,campus-basic,baseline,20261009,client-1,web-1,web,LINK_DOWN,l-access-campus,ROUTING_FAILURE,0.669625,l-access-campus,strong,0,1,1,1,budget_exhausted,8,3.554275001079077,2026-10-10T11:37:31.780878+00:00
exp-3f1052b8f5df,48,campus-link-down-near,campus-basic,baseline,20261010,client-1,web-1,web,LINK_DOWN,l-access-campus,ROUTING_FAILURE,0.669625,l-access-campus,strong,0,1,1,1,budget_exhausted,8,3.7423430003400426,2026-10-10T11:37:32.055009+00:00
exp-3f1052b8f5df,92,campus-link-down-near,campus-basic,baseline,20261011,client-1,web-1,web,LINK_DOWN,l-access-campus,ROUTING_FAILURE,0.669625,l-access-campus,strong,0,1,1,1,budget_exhausted,8,3.3799949997046497,2026-10-10T11:37:32.335608+00:00
exp-3f1052b8f5df,136,campus-link-down-near,campus-basic,baseline,20261012,client-1,web-1,web,LINK_DOWN,l-access-campus,ROUTING_FAILURE,0.669625,l-access-campus,strong,0,1,1,1,budget_exhausted,8,3.371930000866996,2026-10-10T11:37:32.613710+00:00
exp-3f1052b8f5df,180,campus-link-down-near,campus-basic,baseline,20261013,client-1,web-1,web,LINK_DOWN,l-access-campus,ROUTING_FAILURE,0.669625,l-access-campus,strong,0,1,1,1,budget_exhausted,8,3.3834620007837657,2026-10-10T11:37:32.895444+00:00
exp-3f1052b8f5df,224,campus-link-down-near,campus-basic,baseline,20261014,client-1,web-1,web,LINK_DOWN,l-access-campus,ROUTING_FAILURE,0.669625,l-access-campus,strong,0,1,1,1,budget_exhausted,8,4.488308000873076,2026-10-10T11:37:33.191672+00:00
exp-3f1052b8f5df,268,campus-link-down-near,campus-basic,baseline,20261015,client-1,web-1,web,LINK_DOWN,l-access-campus,ROUTING_FAILURE,0.669625,l-access-campus,strong,0,1,1,1,budget_exhausted,8,3.5595150002336595,2026-10-10T11:37:33.474664+00:00
exp-3f1052b8f5df,312,campus-link-down-near,campus-basic,baseline,20261016,client-1,web-1,web,LINK_DOWN,l-access-campus,ROUTING_FAILURE,0.669625,l-access-campus,strong,0,1,1,1,budget_exhausted,8,4.31977799962624,2026-10-10T11:37:33.760582+00:00
exp-3f1052b8f5df,356,campus-link-down-near,campus-basic,baseline,20261017,client-1,web-1,web,LINK_DOWN,l-access-campus,ROUTING_FAILURE,0.669625,l-access-campus,strong,0,1,1,1,budget_exhausted,8,3.525020001688972,2026-10-10T11:37:34.043137+00:00
exp-3f1052b8f5df,400,campus-link-down-near,campus-basic,baseline,20261018,client-1,web-1,web,LINK_DOWN,l-access-campus,ROUTING_FAILURE,0.669625,l-access-campus,strong,0,1,1,1,budget_exhausted,8,3.4571809992485214,2026-10-10T11:37:34.334515+00:00
exp-3f1052b8f5df,20,campus-mtu-1000-db,campus-basic,baseline,20261009,client-1,db-1,postgres,MTU_BLACK_HOLE,l-campus-edge,NO_FAULT_DETECTED,0.929429,,none,0,1,0,0,confident,6,2.252975998999318,2026-10-10T11:37:31.887275+00:00
exp-3f1052b8f5df,64,campus-mtu-1000-db,campus-basic,baseline,20261010,client-1,db-1,postgres,MTU_BLACK_HOLE,l-campus-edge,NO_FAULT_DETECTED,0.929429,,none,0,1,0,0,confident,6,2.2445200011134148,2026-10-10T11:37:32.166072+00:00
exp-3f1052b8f5df,108,campus-mtu-1000-db,campus-basic,baseline,20261011,client-1,db-1,postgres,MTU_BLACK_HOLE,l-campus-edge,NO_FAULT_DETECTED,0.929429,,none,0,1,0,0,confident,6,2.2513530020660255,2026-10-10T11:37:32.443100+00:00
exp-3f1052b8f5df,152,campus-mtu-1000-db,campus-basic,baseline,20261012,client-1,db-1,postgres,MTU_BLACK_HOLE,l-campus-edge,NO_FAULT_DETECTED,0.929429,,none,0,1,0,0,confident,6,2.358755999011919,2026-10-10T11:37:32.723697+00:00
exp-3f1052b8f5df,196,campus-mtu-1000-db,campus-basic,baseline,20261013,client-1,db-1,postgres,MTU_BLACK_HOLE,l-campus-edge,NO_FAULT_DETECTED,0.929429,,none,0,1,0,0,confident,6,2.234130002761958,2026-10-10T11:37:33.014576+00:00
exp-3f1052b8f5df,240,campus-mtu-1000-db,campus-basic,baseline,20261014,client-1,db-1,postgres,MTU_BLACK_HOLE,l-campus-edge,NO_FAULT_DETECTED,0.929429,,none,0,1,0,0,confident,6,3.0110650004644413,2026-10-10T11:37:33.302899+00:00
exp-3f1052b8f5df,284,campus-mtu-1000-db,campus-basic,baseline,20261015,client-1,db-1,postgres,MTU_BLACK_HOLE,l-campus-edge,NO_FAULT_DETECTED,0.929429,,none,0,1,0,0,confident,6,2.229230998636922,2026-10-10T11:37:33.586194+00:00
exp-3f1052b8f5df,328,campus-mtu-1000-db,campus-basic,baseline,20261016,client-1,db-1,postgres,MTU_BLACK_HOLE,l-campus-edge,NO_FAULT_DETECTED,0.929429,,none,0,1,0,0,confident,6,2.3681540005782153,2026-10-10T11:37:33.869116+00:00
exp-3f1052b8f5df,372,campus-mtu-1000-db,campus-basic,baseline,20261017,client-1,db-1,postgres,MTU_BLACK_HOLE,l-campus-edge,NO_FAULT_DETECTED,0.929429,,none,0,1,0,0,confident,6,3.387719003512757,2026-10-10T11:37:34.158347+00:00
exp-3f1052b8f5df,416,campus-mtu-1000-db,campus-basic,baseline,20261018,client-1,db-1,postgres,MTU_BLACK_HOLE,l-campus-edge,NO_FAULT_DETECTED,0.929429,,none,0,1,0,0,confident,6,2.321415999176679,2026-10-10T11:37:34.442328+00:00
exp-3f1052b8f5df,18,campus-mtu-576,campus-basic,baseline,20261009,client-1,web-1,web,MTU_BLACK_HOLE,l-access-campus,NO_FAULT_DETECTED,0.929429,,none,0,1,0,0,confident,6,2.309152998350328,2026-10-10T11:37:31.875386+00:00
exp-3f1052b8f5df,62,campus-mtu-576,campus-basic,baseline,20261010,client-1,web-1,web,MTU_BLACK_HOLE,l-access-campus,NO_FAULT_DETECTED,0.929429,,none,0,1,0,0,confident,6,2.297049999469891,2026-10-10T11:37:32.154232+00:00
exp-3f1052b8f5df,106,campus-mtu-576,campus-basic,baseline,20261011,client-1,web-1,web,MTU_BLACK_HOLE,l-access-campus,NO_FAULT_DETECTED,0.929429,,none,0,1,0,0,confident,6,2.3048650000419,2026-10-10T11:37:32.430889+00:00
exp-3f1052b8f5df,150,campus-mtu-576,campus-basic,baseline,20261012,client-1,web-1,web,MTU_BLACK_HOLE,l-access-campus,NO_FAULT_DETECTED,0.929429,,none,0,1,0,0,confident,6,2.3331880001933314,2026-10-10T11:37:32.711344+00:00
exp-3f1052b8f5df,194,campus-mtu-576,campus-basic,baseline,20261013,client-1,web-1,web,MTU_BLACK_HOLE,l-access-campus,NO_FAULT_DETECTED,0.929429,,none,0,1,0,0,confident,6,2.3450709995813668,2026-10-10T11:37:33.002044+00:00
exp-3f1052b8f5df,238,campus-mtu-576,campus-basic,baseline,20261014,client-1,web-1,web,MTU_BLACK_HOLE,l-access-campus,NO_FAULT_DETECTED,0.929429,,none,0,1,0,0,confident,6,2.341744002478663,2026-10-10T11:37:33.289815+00:00
exp-3f1052b8f5df,282,campus-mtu-576,campus-basic,baseline,20261015,client-1,web-1,web,MTU_BLACK_HOLE,l-access-campus,NO_FAULT_DETECTED,0.929429,,none,0,1,0,0,confident,6,2.318591003131587,2026-10-10T11:37:33.573480+00:00
exp-3f1052b8f5df,326,campus-mtu-576,campus-basic,baseline,20261016,client-1,web-1,web,MTU_BLACK_HOLE,l-access-campus,NO_FAULT_DETECTED,0.929429,,none,0,1,0,0,confident,6,2.2647080004389863,2026-10-10T11:37:33.856318+00:00
exp-3f1052b8f5df,370,campus-mtu-576,campus-basic,baseline,20261017,client-1,web-1,web,MTU_BLACK_HOLE,l-access-campus,NO_FAULT_DETECTED,0.929429,,none,0,1,0,0,confident,6,2.297068996995222,2026-10-10T11:37:34.144385+00:00
exp-3f1052b8f5df,414,campus-mtu-576,campus-basic,baseline,20261018,client-1,web-1,web,MTU_BLACK_HOLE,l-access-campus,NO_FAULT_DETECTED,0.929429,,none,0,1,0,0,confident,6,2.3304129972530063,2026-10-10T11:37:34.429960+00:00
exp-3f1052b8f5df,2,campus-nofault-web,campus-basic,baseline,20261009,client-1,web-1,web,,,NO_FAULT_DETECTED,0.929429,,none,1,1,,0,confident,6,2.374265997787006,2026-10-10T11:37:31.766447+00:00
exp-3f1052b8f5df,46,campus-nofault-web,campus-basic,baseline,20261010,client-1,web-1,web,,,NO_FAULT_DETECTED,0.929429,,none,1,1,,0,confident,6,2.3059960003593005,2026-10-10T11:37:32.039707+00:00
exp-3f1052b8f5df,90,campus-nofault-web,campus-basic,baseline,20261011,client-1,web-1,web,,,NO_FAULT_DETECTED,0.929429,,none,1,1,,0,confident,6,2.3632960001123138,2026-10-10T11:37:32.321352+00:00
exp-3f1052b8f5df,134,campus-nofault-web,campus-basic,baseline,20261012,client-1,web-1,web,,,NO_FAULT_DETECTED,0.929429,,none,1,1,,0,confident,6,2.2619529991061427,2026-10-10T11:37:32.598849+00:00
exp-3f1052b8f5df,178,campus-nofault-web,campus-basic,baseline,20261013,client-1,web-1,web,,,NO_FAULT_DETECTED,0.929429,,none,1,1,,0,confident,6,2.32763799795066,2026-10-10T11:37:32.880824+00:00
exp-3f1052b8f5df,222,campus-nofault-web,campus-basic,baseline,20261014,client-1,web-1,web,,,NO_FAULT_DETECTED,0.929429,,none,1,1,,0,confident,6,2.29514600141556,2026-10-10T11:37:33.175211+00:00
exp-3f1052b8f5df,266,campus-nofault-web,campus-basic,baseline,20261015,client-1,web-1,web,,,NO_FAULT_DETECTED,0.929429,,none,1,1,,0,confident,6,2.4034909984038677,2026-10-10T11:37:33.459021+00:00
exp-3f1052b8f5df,310,campus-nofault-web,campus-basic,baseline,20261016,client-1,web-1,web,,,NO_FAULT_DETECTED,0.929429,,none,1,1,,0,confident,6,2.265869999973802,2026-10-10T11:37:33.745180+00:00
exp-3f1052b8f5df,354,campus-nofault-web,campus-basic,baseline,20261017,client-1,web-1,web,,,NO_FAULT_DETECTED,0.929429,,none,1,1,,0,confident,6,2.3790149971318897,2026-10-10T11:37:34.028269+00:00
exp-3f1052b8f5df,398,campus-nofault-web,campus-basic,baseline,20261018,client-1,web-1,web,,,NO_FAULT_DETECTED,0.929429,,none,1,1,,0,confident,6,2.256261999718845,2026-10-10T11:37:34.320070+00:00
exp-3f1052b8f5df,12,campus-packet-loss-moderate,campus-basic,baseline,20261009,client-1,web-1,web,PACKET_LOSS,l-access-campus,PACKET_LOSS,0.727287,,weak,1,1,0,1,budget_exhausted,8,3.0072369991103187,2026-10-10T11:37:31.834575+00:00
exp-3f1052b8f5df,56,campus-packet-loss-moderate,campus-basic,baseline,20261010,client-1,web-1,web,PACKET_LOSS,l-access-campus,PACKET_LOSS,0.712215,,weak,1,1,0,1,inconclusive,7,3.016525002749404,2026-10-10T11:37:32.113869+00:00
exp-3f1052b8f5df,100,campus-packet-loss-moderate,campus-basic,baseline,20261011,client-1,web-1,web,PACKET_LOSS,l-access-campus,PACKET_LOSS,0.928812,,weak,1,1,0,0,confident,8,3.0219660002330784,2026-10-10T11:37:32.390354+00:00
exp-3f1052b8f5df,144,campus-packet-loss-moderate,campus-basic,baseline,20261012,client-1,web-1,web,PACKET_LOSS,l-access-campus,PACKET_LOSS,0.796079,,weak,1,1,0,1,budget_exhausted,8,3.131293000478763,2026-10-10T11:37:32.668021+00:00
exp-3f1052b8f5df,188,campus-packet-loss-moderate,campus-basic,baseline,20261013,client-1,web-1,web,PACKET_LOSS,l-access-campus,PACKET_LOSS,0.712215,,weak,1,1,0,1,inconclusive,7,2.6569419969746377,2026-10-10T11:37:32.951400+00:00
exp-3f1052b8f5df,232,campus-packet-loss-moderate,campus-basic,baseline,20261014,client-1,web-1,web,PACKET_LOSS,l-access-campus,PACKET_LOSS,0.854223,,weak,1,1,0,0,confident,7,2.6370049999968614,2026-10-10T11:37:33.248739+00:00
exp-3f1052b8f5df,276,campus-packet-loss-moderate,campus-basic,baseline,20261015,client-1,web-1,web,PACKET_LOSS,l-access-campus,MTU_BLACK_HOLE,0.471663,l-client1-access,strong,0,1,0,1,budget_exhausted,8,2.9976690020703245,2026-10-10T11:37:33.531871+00:00
exp-3f1052b8f5df,320,campus-packet-loss-moderate,campus-basic,baseline,20261016,client-1,web-1,web,PACKET_LOSS,l-access-campus,MTU_BLACK_HOLE,0.53124,l-client1-access,strong,0,1,0,1,budget_exhausted,8,3.0196109983080532,2026-10-10T11:37:33.816891+00:00
exp-3f1052b8f5df,364,campus-packet-loss-moderate,campus-basic,baseline,20261017,client-1,web-1,web,PACKET_LOSS,l-access-campus,MTU_BLACK_HOLE,0.53124,l-client1-access,strong,0,1,0,1,budget_exhausted,8,2.978163000079803,2026-10-10T11:37:34.101455+00:00
exp-3f1052b8f5df,408,campus-packet-loss-moderate,campus-basic,baseline,20261018,client-1,web-1,web,PACKET_LOSS,l-access-campus,PACKET_LOSS,0.713295,,weak,1,1,0,1,budget_exhausted,8,3.0015269985597115,2026-10-10T11:37:34.389667+00:00
exp-3f1052b8f5df,14,campus-packet-loss-severe,campus-basic,baseline,20261009,client-1,web-1,web,PACKET_LOSS,l-edge-web,PACKET_LOSS,0.796079,,weak,1,1,0,1,budget_exhausted,8,3.017527000338305,2026-10-10T11:37:31.849064+00:00
exp-3f1052b8f5df,58,campus-packet-loss-severe,campus-basic,baseline,20261010,client-1,web-1,web,PACKET_LOSS,l-edge-web,PACKET_LOSS,0.796079,,weak,1,1,0,1,budget_exhausted,8,3.012287001183722,2026-10-10T11:37:32.128455+00:00
exp-3f1052b8f5df,102,campus-packet-loss-severe,campus-basic,baseline,20261011,client-1,web-1,web,PACKET_LOSS,l-edge-web,PACKET_LOSS,0.928812,,weak,1,1,0,0,confident,8,3.004522000992438,2026-10-10T11:37:32.404640+00:00
exp-3f1052b8f5df,146,campus-packet-loss-severe,campus-basic,baseline,20261012,client-1,web-1,web,PACKET_LOSS,l-edge-web,PACKET_LOSS,0.933428,,weak,1,1,0,0,confident,8,2.99532400094904,2026-10-10T11:37:32.683177+00:00
exp-3f1052b8f5df,190,campus-packet-loss-severe,campus-basic,baseline,20261013,client-1,web-1,web,PACKET_LOSS,l-edge-web,PACKET_LOSS,0.928812,,weak,1,1,0,0,confident,8,2.98658800238627,2026-10-10T11:37:32.965931+00:00
exp-3f1052b8f5df,234,campus-packet-loss-severe,campus-basic,baseline,20261014,client-1,web-1,web,PACKET_LOSS,l-edge-web,PACKET_LOSS,0.796079,,weak,1,1,0,1,budget_exhausted,8,3.0352210014825687,2026-10-10T11:37:33.263765+00:00
exp-3f1052b8f5df,278,campus-packet-loss-severe,campus-basic,baseline,20261015,client-1,web-1,web,PACKET_LOSS,l-edge-web,PACKET_LOSS,0.928812,,weak,1,1,0,0,confident,8,3.452652999840211,2026-10-10T11:37:33.547249+00:00
exp-3f1052b8f5df,322,campus-packet-loss-severe,campus-basic,baseline,20261016,client-1,web-1,web,PACKET_LOSS,l-edge-web,PACKET_LOSS,0.928812,,weak,1,1,0,0,confident,8,2.9857660010748077,2026-10-10T11:37:33.830756+00:00
exp-3f1052b8f5df,366,campus-packet-loss-severe,campus-basic,baseline,20261017,client-1,web-1,web,PACKET_LOSS,l-edge-web,PACKET_LOSS,0.928812,,weak,1,1,0,0,confident,8,3.069415000936715,2026-10-10T11:37:34.118225+00:00
exp-3f1052b8f5df,410,campus-packet-loss-severe,campus-basic,baseline,20261018,client-1,web-1,web,PACKET_LOSS,l-edge-web,PACKET_LOSS,0.796079,,weak,1,1,0,1,budget_exhausted,8,2.9917280007794034,2026-10-10T11:37:34.403660+00:00
exp-3f1052b8f5df,22,campus-port-blocked-web,campus-basic,baseline,20261009,client-1,web-1,web,TCP_PORT_BLOCKED,web-1:web,TCP_FILTER_OR_PORT_FAILURE,0.930701,web-1:80,strong,1,1,1,0,confident,8,3.2295390010403935,2026-10-10T11:37:31.899952+00:00
exp-3f1052b8f5df,66,campus-port-blocked-web,campus-basic,baseline,20261010,client-1,web-1,web,TCP_PORT_BLOCKED,web-1:web,TCP_FILTER_OR_PORT_FAILURE,0.930701,web-1:80,strong,1,1,1,0,confident,8,3.009010000823764,2026-10-10T11:37:32.178646+00:00
exp-3f1052b8f5df,110,campus-port-blocked-web,campus-basic,baseline,20261011,client-1,web-1,web,TCP_PORT_BLOCKED,web-1:web,TCP_FILTER_OR_PORT_FAILURE,0.930701,web-1:80,strong,1,1,1,0,confident,8,3.1265239995263983,2026-10-10T11:37:32.455863+00:00
exp-3f1052b8f5df,154,campus-port-blocked-web,campus-basic,baseline,20261012,client-1,web-1,web,TCP_PORT_BLOCKED,web-1:web,TCP_FILTER_OR_PORT_FAILURE,0.930701,web-1:80,strong,1,1,1,0,confident,8,2.9961859981995076,2026-10-10T11:37:32.736440+00:00
exp-3f1052b8f5df,198,campus-port-blocked-web,campus-basic,baseline,20261013,client-1,web-1,web,TCP_PORT_BLOCKED,web-1:web,TCP_FILTER_OR_PORT_FAILURE,0.930701,web-1:80,strong,1,1,1,0,confident,8,3.3178970006702,2026-10-10T11:37:33.027931+00:00
exp-3f1052b8f5df,242,campus-port-blocked-web,campus-basic,baseline,20261014,client-1,web-1,web,TCP_PORT_BLOCKED,web-1:web,TCP_FILTER_OR_PORT_FAILURE,0.930701,web-1:80,strong,1,1,1,0,confident,8,3.209851998690283,2026-10-10T11:37:33.317152+00:00
exp-3f1052b8f5df,286,campus-port-blocked-web,campus-basic,baseline,20261015,client-1,web-1,web,TCP_PORT_BLOCKED,web-1:web,TCP_FILTER_OR_PORT_FAILURE,0.930701,web-1:80,strong,1,1,1,0,confident,8,3.1328760014730506,2026-10-10T11:37:33.598996+00:00
exp-3f1052b8f5df,330,campus-port-blocked-web,campus-basic,baseline,20261016,client-1,web-1,web,TCP_PORT_BLOCKED,web-1:web,TCP_FILTER_OR_PORT_FAILURE,0.930701,web-1:80,strong,1,1,1,0,confident,8,3.0622310005128384,2026-10-10T11:37:33.882153+00:00
exp-3f1052b8f5df,374,campus-port-blocked-web,campus-basic,baseline,20261017,client-1,web-1,web,TCP_PORT_BLOCKED,web-1:web,TCP_FILTER_OR_PORT_FAILURE,0.930701,web-1:80,strong,1,1,1,0,confident,8,2.9602980030176695,2026-10-10T11:37:34.171213+00:00
exp-3f1052b8f5df,418,campus-port-blocked-web,campus-basic,baseline,20261018,client-1,web-1,web,TCP_PORT_BLOCKED,web-1:web,TCP_FILTER_OR_PORT_FAILURE,0.930701,web-1:80,strong,1,1,1,0,confident,8,2.9753369999525603,2026-10-10T11:37:34.454952+00:00
exp-3f1052b8f5df,24,campus-port-rejected-db,campus-basic,baseline,20261009,client-1,db-1,postgres,TCP_PORT_REJECTED,db-1:postgres,TCP_FILTER_OR_PORT_FAILURE,0.81248,db-1:5432,strong,1,1,1,0,confident,7,2.6773909994517453,2026-10-10T11:37:31.910345+00:00
exp-3f1052b8f5df,68,campus-port-rejected-db,campus-basic,baseline,20261010,client-1,db-1,postgres,TCP_PORT_REJECTED,db-1:postgres,TCP_FILTER_OR_PORT_FAILURE,0.81248,db-1:5432,strong,1,1,1,0,confident,7,2.725452999584377,2026-10-10T11:37:32.188554+00:00
exp-3f1052b8f5df,112,campus-port-rejected-db,campus-basic,baseline,20261011,client-1,db-1,postgres,TCP_PORT_REJECTED,db-1:postgres,TCP_FILTER_OR_PORT_FAILURE,0.81248,db-1:5432,strong,1,1,1,0,confident,7,2.6833330011868384,2026-10-10T11:37:32.465929+00:00
exp-3f1052b8f5df,156,campus-port-rejected-db,campus-basic,baseline,20261012,client-1,db-1,postgres,TCP_PORT_REJECTED,db-1:postgres,TCP_FILTER_OR_PORT_FAILURE,0.81248,db-1:5432,strong,1,1,1,0,confident,7,3.489943999738898,2026-10-10T11:37:32.747618+00:00
exp-3f1052b8f5df,200,campus-port-rejected-db,campus-basic,baseline,20261013,client-1,db-1,postgres,TCP_PORT_REJECTED,db-1:postgres,TCP_FILTER_OR_PORT_FAILURE,0.81248,db-1:5432,strong,1,1,1,0,confident,7,2.6749069984361995,2026-10-10T11:37:33.038219+00:00
exp-3f1052b8f5df,244,campus-port-rejected-db,campus-basic,baseline,20261014,client-1,db-1,postgres,TCP_PORT_REJECTED,db-1:postgres,TCP_FILTER_OR_PORT_FAILURE,0.81248,db-1:5432,strong,1,1,1,0,confident,7,2.62726599976304,2026-10-10T11:37:33.327373+00:00
exp-3f1052b8f5df,288,campus-port-rejected-db,campus-basic,baseline,20261015,client-1,db-1,postgres,TCP_PORT_REJECTED,db-1:postgres,TCP_FILTER_OR_PORT_FAILURE,0.81248,db-1:5432,strong,1,1,1,0,confident,7,2.684383998712292,2026-10-10T11:37:33.609167+00:00
exp-3f1052b8f5df,332,campus-port-rejected-db,campus-basic,baseline,20261016,client-1,db-1,postgres,TCP_PORT_REJECTED,db-1:postgres,TCP_FILTER_OR_PORT_FAILURE,0.81248,db-1:5432,strong,1,1,1,0,confident,7,2.8216749997227453,2026-10-10T11:37:33.892274+00:00
exp-3f1052b8f5df,376,campus-port-rejected-db,campus-basic,baseline,20261017,client-1,db-1,postgres,TCP_PORT_REJECTED,db-1:postgres,TCP_FILTER_OR_PORT_FAILURE,0.81248,db-1:5432,strong,1,1,1,0,confident,7,2.6410520003992133,2026-10-10T11:37:34.181192+00:00
exp-3f1052b8f5df,420,campus-port-rejected-db,campus-basic,baseline,20261018,client-1,db-1,postgres,TCP_PORT_REJECTED,db-1:postgres,TCP_FILTER_OR_PORT_FAILURE,0.81248,db-1:5432,strong,1,1,1,0,confident,7,2.7001839989679866,2026-10-10T11:37:34.465298+00:00
exp-3f1052b8f5df,8,campus-route-blackhole,campus-basic,baseline,20261009,client-1,web-1,web,ROUTE_BLACKHOLE,l-campus-edge,ROUTING_FAILURE,0.902375,l-campus-edge,strong,1,1,1,0,confident,8,3.119860997685464,2026-10-10T11:37:31.809445+00:00
exp-3f1052b8f5df,52,campus-route-blackhole,campus-basic,baseline,20261010,client-1,web-1,web,ROUTE_BLACKHOLE,l-campus-edge,ROUTING_FAILURE,0.902375,l-campus-edge,strong,1,1,1,0,confident,8,3.3007240017468575,2026-10-10T11:37:32.085534+00:00
exp-3f1052b8f5df,96,campus-route-blackhole,campus-basic,baseline,20261011,client-1,web-1,web,ROUTE_BLACKHOLE,l-campus-edge,ROUTING_FAILURE,0.902375,l-campus-edge,strong,1,1,1,0,confident,8,3.138776999549009,2026-10-10T11:37:32.364919+00:00
exp-3f1052b8f5df,140,campus-route-blackhole,campus-basic,baseline,20261012,client-1,web-1,web,ROUTE_BLACKHOLE,l-campus-edge,ROUTING_FAILURE,0.902375,l-campus-edge,strong,1,1,1,0,confident,8,3.0894839983375277,2026-10-10T11:37:32.642328+00:00
exp-3f1052b8f5df,184,campus-route-blackhole,campus-basic,baseline,20261013,client-1,web-1,web,ROUTE_BLACKHOLE,l-campus-edge,ROUTING_FAILURE,0.902375,l-campus-edge,strong,1,1,1,0,confident,8,3.129119002551306,2026-10-10T11:37:32.925675+00:00
exp-3f1052b8f5df,228,campus-route-blackhole,campus-basic,baseline,20261014,client-1,web-1,web,ROUTE_BLACKHOLE,l-campus-edge,ROUTING_FAILURE,0.902375,l-campus-edge,strong,1,1,1,0,confident,8,3.081087997998111,2026-10-10T11:37:33.220320+00:00
exp-3f1052b8f5df,272,campus-route-blackhole,campus-basic,baseline,20261015,client-1,web-1,web,ROUTE_BLACKHOLE,l-campus-edge,ROUTING_FAILURE,0.902375,l-campus-edge,strong,1,1,1,0,confident,8,3.4676209979807027,2026-10-10T11:37:33.504332+00:00
exp-3f1052b8f5df,316,campus-route-blackhole,campus-basic,baseline,20261016,client-1,web-1,web,ROUTE_BLACKHOLE,l-campus-edge,ROUTING_FAILURE,0.902375,l-campus-edge,strong,1,1,1,0,confident,8,3.3640939982433338,2026-10-10T11:37:33.789742+00:00
exp-3f1052b8f5df,360,campus-route-blackhole,campus-basic,baseline,20261017,client-1,web-1,web,ROUTE_BLACKHOLE,l-campus-edge,ROUTING_FAILURE,0.902375,l-campus-edge,strong,1,1,1,0,confident,8,3.259756002080394,2026-10-10T11:37:34.073437+00:00
exp-3f1052b8f5df,404,campus-route-blackhole,campus-basic,baseline,20261018,client-1,web-1,web,ROUTE_BLACKHOLE,l-campus-edge,ROUTING_FAILURE,0.902375,l-campus-edge,strong,1,1,1,0,confident,8,3.128368000034243,2026-10-10T11:37:34.364530+00:00
exp-3f1052b8f5df,26,campus-service-down-web,campus-basic,baseline,20261009,client-1,web-1,web,SERVICE_DOWN,web-1:web,APPLICATION_SERVICE_FAILURE,0.959443,web-1:80,strong,1,1,1,0,confident,8,2.9857369991077576,2026-10-10T11:37:31.920300+00:00
exp-3f1052b8f5df,70,campus-service-down-web,campus-basic,baseline,20261010,client-1,web-1,web,SERVICE_DOWN,web-1:web,APPLICATION_SERVICE_FAILURE,0.959443,web-1:80,strong,1,1,1,0,confident,8,2.991937999468064,2026-10-10T11:37:32.198618+00:00
exp-3f1052b8f5df,114,campus-service-down-web,campus-basic,baseline,20261011,client-1,web-1,web,SERVICE_DOWN,web-1:web,APPLICATION_SERVICE_FAILURE,0.959443,web-1:80,strong,1,1,1,0,confident,8,3.0305119980766904,2026-10-10T11:37:32.476378+00:00
exp-3f1052b8f5df,158,campus-service-down-web,campus-basic,baseline,20261012,client-1,web-1,web,SERVICE_DOWN,web-1:web,APPLICATION_SERVICE_FAILURE,0.959443,web-1:80,strong,1,1,1,0,confident,8,3.0757580025237985,2026-10-10T11:37:32.758222+00:00
exp-3f1052b8f5df,202,campus-service-down-web,campus-basic,baseline,20261013,client-1,web-1,web,SERVICE_DOWN,web-1:web,APPLICATION_SERVICE_FAILURE,0.959443,web-1:80,strong,1,1,1,0,confident,8,3.1077979983820114,2026-10-10T11:37:33.048562+00:00
exp-3f1052b8f5df,246,campus-service-down-web,campus-basic,baseline,20261014,client-1,web-1,web,SERVICE_DOWN,web-1:web,APPLICATION_SERVICE_FAILURE,0.959443,web-1:80,strong,1,1,1,0,confident,8,2.956822001578985,2026-10-10T11:37:33.337498+00:00
exp-3f1052b8f5df,290,campus-service-down-web,campus-basic,baseline,20261015,client-1,web-1,web,SERVICE_DOWN,web-1:web,APPLICATION_SERVICE_FAILURE,0.959443,web-1:80,strong,1,1,1,0,confident,8,2.970547997392714,2026-10-10T11:37:33.619313+00:00
exp-3f1052b8f5df,334,campus-service-down-web,campus-basic,baseline,20261016,client-1,web-1,web,SERVICE_DOWN,web-1:web,APPLICATION_SERVICE_FAILURE,0.959443,web-1:80,strong,1,1,1,0,confident,8,4.449563999514794,2026-10-10T11:37:33.904021+00:00
exp-3f1052b8f5df,378,campus-service-down-web,campus-basic,baseline,20261017,client-1,web-1,web,SERVICE_DOWN,web-1:web,APPLICATION_SERVICE_FAILURE,0.959443,web-1:80,strong,1,1,1,0,confident,8,3.026744001545012,2026-10-10T11:37:34.191596+00:00
exp-3f1052b8f5df,422,campus-service-down-web,campus-basic,baseline,20261018,client-1,web-1,web,SERVICE_DOWN,web-1:web,APPLICATION_SERVICE_FAILURE,0.959443,web-1:80,strong,1,1,1,0,confident,8,3.2259220024570823,2026-10-10T11:37:34.475808+00:00
exp-3f1052b8f5df,36,multihop-dns-outage,multihop-wan,baseline,20261009,client-1,app-1,api,DNS_FAILURE,dns-1,DNS_FAILURE,0.676055,dns-1,strong,1,1,1,1,inconclusive,4,1.5018300000519957,2026-10-10T11:37:31.980409+00:00
exp-3f1052b8f5df,80,multihop-dns-outage,multihop-wan,baseline,20261010,client-1,app-1,api,DNS_FAILURE,dns-1,DNS_FAILURE,0.676055,dns-1,strong,1,1,1,1,inconclusive,4,1.5697199996793643,2026-10-10T11:37:32.260314+00:00
exp-3f1052b8f5df,124,multihop-dns-outage,multihop-wan,baseline,20261011,client-1,app-1,api,DNS_FAILURE,dns-1,DNS_FAILURE,0.676055,dns-1,strong,1,1,1,1,inconclusive,4,1.5297130012186244,2026-10-10T11:37:32.538232+00:00
exp-3f1052b8f5df,168,multihop-dns-outage,multihop-wan,baseline,20261012,client-1,app-1,api,DNS_FAILURE,dns-1,DNS_FAILURE,0.676055,dns-1,strong,1,1,1,1,inconclusive,4,1.487101999373408,2026-10-10T11:37:32.819305+00:00
exp-3f1052b8f5df,212,multihop-dns-outage,multihop-wan,baseline,20261013,client-1,app-1,api,DNS_FAILURE,dns-1,DNS_FAILURE,0.676055,dns-1,strong,1,1,1,1,inconclusive,4,1.844991998950718,2026-10-10T11:37:33.112546+00:00
exp-3f1052b8f5df,256,multihop-dns-outage,multihop-wan,baseline,20261014,client-1,app-1,api,DNS_FAILURE,dns-1,DNS_FAILURE,0.676055,dns-1,strong,1,1,1,1,inconclusive,4,1.520506000815658,2026-10-10T11:37:33.398942+00:00
exp-3f1052b8f5df,300,multihop-dns-outage,multihop-wan,baseline,20261015,client-1,app-1,api,DNS_FAILURE,dns-1,DNS_FAILURE,0.676055,dns-1,strong,1,1,1,1,inconclusive,4,1.5472570012207143,2026-10-10T11:37:33.681579+00:00
exp-3f1052b8f5df,344,multihop-dns-outage,multihop-wan,baseline,20261016,client-1,app-1,api,DNS_FAILURE,dns-1,DNS_FAILURE,0.676055,dns-1,strong,1,1,1,1,inconclusive,4,1.5026719993329607,2026-10-10T11:37:33.967629+00:00
exp-3f1052b8f5df,388,multihop-dns-outage,multihop-wan,baseline,20261017,client-1,app-1,api,DNS_FAILURE,dns-1,DNS_FAILURE,0.676055,dns-1,strong,1,1,1,1,inconclusive,4,2.121076002367772,2026-10-10T11:37:34.258703+00:00
exp-3f1052b8f5df,432,multihop-dns-outage,multihop-wan,baseline,20261018,client-1,app-1,api,DNS_FAILURE,dns-1,DNS_FAILURE,0.676055,dns-1,strong,1,1,1,1,inconclusive,4,1.5301940002245829,2026-10-10T11:37:34.539875+00:00
exp-3f1052b8f5df,38,multihop-latency-wan,multihop-wan,baseline,20261009,client-1,app-1,api,HIGH_LATENCY,l-core-branch,HIGH_LATENCY,0.814501,,none,1,1,0,0,confident,7,2.5756979994184803,2026-10-10T11:37:31.993396+00:00
exp-3f1052b8f5df,82,multihop-latency-wan,multihop-wan,baseline,20261010,client-1,app-1,api,HIGH_LATENCY,l-core-branch,HIGH_LATENCY,0.814501,,none,1,1,0,0,confident,7,2.721214998018695,2026-10-10T11:37:32.274102+00:00
exp-3f1052b8f5df,126,multihop-latency-wan,multihop-wan,baseline,20261011,client-1,app-1,api,HIGH_LATENCY,l-core-branch,HIGH_LATENCY,0.814501,,none,1,1,0,0,confident,7,2.587711001979187,2026-10-10T11:37:32.551518+00:00
exp-3f1052b8f5df,170,multihop-latency-wan,multihop-wan,baseline,20261012,client-1,app-1,api,HIGH_LATENCY,l-core-branch,HIGH_LATENCY,0.814501,,none,1,1,0,0,confident,7,2.617547997942893,2026-10-10T11:37:32.833487+00:00
exp-3f1052b8f5df,214,multihop-latency-wan,multihop-wan,baseline,20261013,client-1,app-1,api,HIGH_LATENCY,l-core-branch,HIGH_LATENCY,0.814501,,none,1,1,0,0,confident,7,2.6518630002101418,2026-10-10T11:37:33.126337+00:00
exp-3f1052b8f5df,258,multihop-latency-wan,multihop-wan,baseline,20261014,client-1,app-1,api,HIGH_LATENCY,l-core-branch,HIGH_LATENCY,0.814501,,none,1,1,0,0,confident,7,2.5969289999920875,2026-10-10T11:37:33.412226+00:00
exp-3f1052b8f5df,302,multihop-latency-wan,multihop-wan,baseline,20261015,client-1,app-1,api,HIGH_LATENCY,l-core-branch,HIGH_LATENCY,0.814501,,none,1,1,0,0,confident,7,2.677471999049885,2026-10-10T11:37:33.695035+00:00
exp-3f1052b8f5df,346,multihop-latency-wan,multihop-wan,baseline,20261016,client-1,app-1,api,HIGH_LATENCY,l-core-branch,HIGH_LATENCY,0.814501,,none,1,1,0,0,confident,7,2.635953002027236,2026-10-10T11:37:33.980972+00:00
exp-3f1052b8f5df,390,multihop-latency-wan,multihop-wan,baseline,20261017,client-1,app-1,api,HIGH_LATENCY,l-core-branch,HIGH_LATENCY,0.814501,,none,1,1,0,0,confident,7,2.7114759977848735,2026-10-10T11:37:34.272600+00:00
exp-3f1052b8f5df,434,multihop-latency-wan,multihop-wan,baseline,20261018,client-1,app-1,api,HIGH_LATENCY,l-core-branch,HIGH_LATENCY,0.814501,,none,1,1,0,0,confident,7,2.5745460006874055,2026-10-10T11:37:34.553420+00:00
exp-3f1052b8f5df,32,multihop-link-down-core-branch,multihop-wan,baseline,20261009,client-1,app-1,api,LINK_DOWN,l-core-branch,ROUTING_FAILURE,0.669625,l-core-branch,strong,0,1,1,1,budget_exhausted,8,3.3103829991887324,2026-10-10T11:37:31.956021+00:00
exp-3f1052b8f5df,76,multihop-link-down-core-branch,multihop-wan,baseline,20261010,client-1,app-1,api,LINK_DOWN,l-core-branch,ROUTING_FAILURE,0.669625,l-core-branch,strong,0,1,1,1,budget_exhausted,8,3.2416930007457267,2026-10-10T11:37:32.235347+00:00
exp-3f1052b8f5df,120,multihop-link-down-core-branch,multihop-wan,baseline,20261011,client-1,app-1,api,LINK_DOWN,l-core-branch,ROUTING_FAILURE,0.669625,l-core-branch,strong,0,1,1,1,budget_exhausted,8,3.3324249998258892,2026-10-10T11:37:32.513530+00:00
exp-3f1052b8f5df,164,multihop-link-down-core-branch,multihop-wan,baseline,20261012,client-1,app-1,api,LINK_DOWN,l-core-branch,ROUTING_FAILURE,0.669625,l-core-branch,strong,0,1,1,1,budget_exhausted,8,3.2381860000896268,2026-10-10T11:37:32.794653+00:00
exp-3f1052b8f5df,208,multihop-link-down-core-branch,multihop-wan,baseline,20261013,client-1,app-1,api,LINK_DOWN,l-core-branch,ROUTING_FAILURE,0.669625,l-core-branch,strong,0,1,1,1,budget_exhausted,8,3.240881000238005,2026-10-10T11:37:33.085973+00:00
exp-3f1052b8f5df,252,multihop-link-down-core-branch,multihop-wan,baseline,20261014,client-1,app-1,api,LINK_DOWN,l-core-branch,ROUTING_FAILURE,0.669625,l-core-branch,strong,0,1,1,1,budget_exhausted,8,3.639648002717877,2026-10-10T11:37:33.373562+00:00
exp-3f1052b8f5df,296,multihop-link-down-core-branch,multihop-wan,baseline,20261015,client-1,app-1,api,LINK_DOWN,l-core-branch,ROUTING_FAILURE,0.669625,l-core-branch,strong,0,1,1,1,budget_exhausted,8,3.3640540023043286,2026-10-10T11:37:33.656400+00:00
exp-3f1052b8f5df,340,multihop-link-down-core-branch,multihop-wan,baseline,20261016,client-1,app-1,api,LINK_DOWN,l-core-branch,ROUTING_FAILURE,0.669625,l-core-branch,strong,0,1,1,1,budget_exhausted,8,3.774924000026658,2026-10-10T11:37:33.940894+00:00
exp-3f1052b8f5df,384,multihop-link-down-core-branch,multihop-wan,baseline,20261017,client-1,app-1,api,LINK_DOWN,l-core-branch,ROUTING_FAILURE,0.669625,l-core-branch,strong,0,1,1,1,budget_exhausted,8,3.249227000196697,2026-10-10T11:37:34.233420+00:00
exp-3f1052b8f5df,428,multihop-link-down-core-branch,multihop-wan,baseline,20261018,client-1,app-1,api,LINK_DOWN,l-core-branch,ROUTING_FAILURE,0.669625,l-core-branch,strong,0,1,1,1,budget_exhausted,8,3.684983999846736,2026-10-10T11:37:34.513524+00:00
exp-3f1052b8f5df,40,multihop-mtu-edge-core,multihop-wan,baseline,20261009,client-1,app-1,api,MTU_BLACK_HOLE,l-edge-core,NO_FAULT_DETECTED,0.929429,,none,0,1,0,0,confident,6,2.250090998131782,2026-10-10T11:37:32.005068+00:00
exp-3f1052b8f5df,84,multihop-mtu-edge-core,multihop-wan,baseline,20261010,client-1,app-1,api,MTU_BLACK_HOLE,l-edge-core,NO_FAULT_DETECTED,0.929429,,none,0,1,0,0,confident,6,2.2626450008829124,2026-10-10T11:37:32.286367+00:00
exp-3f1052b8f5df,128,multihop-mtu-edge-core,multihop-wan,baseline,20261011,client-1,app-1,api,MTU_BLACK_HOLE,l-edge-core,NO_FAULT_DETECTED,0.929429,,none,0,1,0,0,confident,6,2.3293710000871215,2026-10-10T11:37:32.563550+00:00
exp-3f1052b8f5df,172,multihop-mtu-edge-core,multihop-wan,baseline,20261012,client-1,app-1,api,MTU_BLACK_HOLE,l-edge-core,NO_FAULT_DETECTED,0.929429,,none,0,1,0,0,confident,6,2.1940549995633774,2026-10-10T11:37:32.845633+00:00
exp-3f1052b8f5df,216,multihop-mtu-edge-core,multihop-wan,baseline,20261013,client-1,app-1,api,MTU_BLACK_HOLE,l-edge-core,NO_FAULT_DETECTED,0.929429,,none,0,1,0,0,confident,6,2.214954001829028,2026-10-10T11:37:33.138338+00:00
exp-3f1052b8f5df,260,multihop-mtu-edge-core,multihop-wan,baseline,20261014,client-1,app-1,api,MTU_BLACK_HOLE,l-edge-core,NO_FAULT_DETECTED,0.929429,,none,0,1,0,0,confident,6,2.200426002673339,2026-10-10T11:37:33.424227+00:00
exp-3f1052b8f5df,304,multihop-mtu-edge-core,multihop-wan,baseline,20261015,client-1,app-1,api,MTU_BLACK_HOLE,l-edge-core,NO_FAULT_DETECTED,0.929429,,none,0,1,0,0,confident,6,2.3321859989664517,2026-10-10T11:37:33.709878+00:00
exp-3f1052b8f5df,348,multihop-mtu-edge-core,multihop-wan,baseline,20261016,client-1,app-1,api,MTU_BLACK_HOLE,l-edge-core,NO_FAULT_DETECTED,0.929429,,none,0,1,0,0,confident,6,2.2494190016004723,2026-10-10T11:37:33.993000+00:00
exp-3f1052b8f5df,392,multihop-mtu-edge-core,multihop-wan,baseline,20261017,client-1,app-1,api,MTU_BLACK_HOLE,l-edge-core,NO_FAULT_DETECTED,0.929429,,none,0,1,0,0,confident,6,2.2312339970085304,2026-10-10T11:37:34.284874+00:00
exp-3f1052b8f5df,436,multihop-mtu-edge-core,multihop-wan,baseline,20261018,client-1,app-1,api,MTU_BLACK_HOLE,l-edge-core,NO_FAULT_DETECTED,0.929429,,none,0,1,0,0,confident,6,2.2347010017256252,2026-10-10T11:37:34.566070+00:00
exp-3f1052b8f5df,30,multihop-nofault-api,multihop-wan,baseline,20261009,client-1,app-1,api,,,NO_FAULT_DETECTED,0.929429,,none,1,1,,0,confident,6,2.236934997199569,2026-10-10T11:37:31.941587+00:00
exp-3f1052b8f5df,74,multihop-nofault-api,multihop-wan,baseline,20261010,client-1,app-1,api,,,NO_FAULT_DETECTED,0.929429,,none,1,1,,0,confident,6,2.2749679992557503,2026-10-10T11:37:32.220497+00:00
exp-3f1052b8f5df,118,multihop-nofault-api,multihop-wan,baseline,20261011,client-1,app-1,api,,,NO_FAULT_DETECTED,0.929429,,none,1,1,,0,confident,6,2.223240000603255,2026-10-10T11:37:32.498494+00:00
exp-3f1052b8f5df,162,multihop-nofault-api,multihop-wan,baseline,20261012,client-1,app-1,api,,,NO_FAULT_DETECTED,0.929429,,none,1,1,,0,confident,6,2.2110959980636835,2026-10-10T11:37:32.780201+00:00
exp-3f1052b8f5df,206,multihop-nofault-api,multihop-wan,baseline,20261013,client-1,app-1,api,,,NO_FAULT_DETECTED,0.929429,,none,1,1,,0,confident,6,2.2354930006258655,2026-10-10T11:37:33.071629+00:00
exp-3f1052b8f5df,250,multihop-nofault-api,multihop-wan,baseline,20261014,client-1,app-1,api,,,NO_FAULT_DETECTED,0.929429,,none,1,1,,0,confident,6,2.216405999206472,2026-10-10T11:37:33.359207+00:00
exp-3f1052b8f5df,294,multihop-nofault-api,multihop-wan,baseline,20261015,client-1,app-1,api,,,NO_FAULT_DETECTED,0.929429,,none,1,1,,0,confident,6,2.3582649992022198,2026-10-10T11:37:33.642171+00:00
exp-3f1052b8f5df,338,multihop-nofault-api,multihop-wan,baseline,20261016,client-1,app-1,api,,,NO_FAULT_DETECTED,0.929429,,none,1,1,,0,confident,6,2.309292998688761,2026-10-10T11:37:33.926230+00:00
exp-3f1052b8f5df,382,multihop-nofault-api,multihop-wan,baseline,20261017,client-1,app-1,api,,,NO_FAULT_DETECTED,0.929429,,none,1,1,,0,confident,6,2.3363039981632028,2026-10-10T11:37:34.219022+00:00
exp-3f1052b8f5df,426,multihop-nofault-api,multihop-wan,baseline,20261018,client-1,app-1,api,,,NO_FAULT_DETECTED,0.929429,,none,1,1,,0,confident,6,2.2253930001170374,2026-10-10T11:37:34.498037+00:00
exp-3f1052b8f5df,42,multihop-port-blocked-admin,multihop-wan,baseline,20261009,client-1,app-1,admin,TCP_PORT_BLOCKED,app-1:admin,TCP_FILTER_OR_PORT_FAILURE,0.930701,app-1:9090,strong,1,1,1,0,confident,8,2.9286179997143336,2026-10-10T11:37:32.017344+00:00
exp-3f1052b8f5df,86,multihop-port-blocked-admin,multihop-wan,baseline,20261010,client-1,app-1,admin,TCP_PORT_BLOCKED,app-1:admin,TCP_FILTER_OR_PORT_FAILURE,0.930701,app-1:9090,strong,1,1,1,0,confident,8,2.9161249985918403,2026-10-10T11:37:32.298844+00:00
exp-3f1052b8f5df,130,multihop-port-blocked-admin,multihop-wan,baseline,20261011,client-1,app-1,admin,TCP_PORT_BLOCKED,app-1:admin,TCP_FILTER_OR_PORT_FAILURE,0.930701,app-1:9090,strong,1,1,1,0,confident,8,3.0238990002544597,2026-10-10T11:37:32.576665+00:00
exp-3f1052b8f5df,174,multihop-port-blocked-admin,multihop-wan,baseline,20261012,client-1,app-1,admin,TCP_PORT_BLOCKED,app-1:admin,TCP_FILTER_OR_PORT_FAILURE,0.930701,app-1:9090,strong,1,1,1,0,confident,8,3.023498000402469,2026-10-10T11:37:32.858258+00:00
exp-3f1052b8f5df,218,multihop-port-blocked-admin,multihop-wan,baseline,20261013,client-1,app-1,admin,TCP_PORT_BLOCKED,app-1:admin,TCP_FILTER_OR_PORT_FAILURE,0.930701,app-1:9090,strong,1,1,1,0,confident,8,3.023327997652814,2026-10-10T11:37:33.151948+00:00
exp-3f1052b8f5df,262,multihop-port-blocked-admin,multihop-wan,baseline,20261014,client-1,app-1,admin,TCP_PORT_BLOCKED,app-1:admin,TCP_FILTER_OR_PORT_FAILURE,0.930701,app-1:9090,strong,1,1,1,0,confident,8,2.8861780010629445,2026-10-10T11:37:33.436612+00:00
exp-3f1052b8f5df,306,multihop-port-blocked-admin,multihop-wan,baseline,20261015,client-1,app-1,admin,TCP_PORT_BLOCKED,app-1:admin,TCP_FILTER_OR_PORT_FAILURE,0.930701,app-1:9090,strong,1,1,1,0,confident,8,2.926162997027859,2026-10-10T11:37:33.722787+00:00
exp-3f1052b8f5df,350,multihop-port-blocked-admin,multihop-wan,baseline,20261016,client-1,app-1,admin,TCP_PORT_BLOCKED,app-1:admin,TCP_FILTER_OR_PORT_FAILURE,0.930701,app-1:9090,strong,1,1,1,0,confident,8,2.9215350004960783,2026-10-10T11:37:34.005695+00:00
exp-3f1052b8f5df,394,multihop-port-blocked-admin,multihop-wan,baseline,20261017,client-1,app-1,admin,TCP_PORT_BLOCKED,app-1:admin,TCP_FILTER_OR_PORT_FAILURE,0.930701,app-1:9090,strong,1,1,1,0,confident,8,2.899361999880057,2026-10-10T11:37:34.297340+00:00
exp-3f1052b8f5df,438,multihop-port-blocked-admin,multihop-wan,baseline,20261018,client-1,app-1,admin,TCP_PORT_BLOCKED,app-1:admin,TCP_FILTER_OR_PORT_FAILURE,0.930701,app-1:9090,strong,1,1,1,0,confident,8,2.9060549968562555,2026-10-10T11:37:34.578877+00:00
exp-3f1052b8f5df,34,multihop-route-blackhole,multihop-wan,baseline,20261009,client-1,app-1,api,ROUTE_BLACKHOLE,l-edge-core,ROUTING_FAILURE,0.902375,l-edge-core,strong,1,1,1,0,confident,8,2.977862000989262,2026-10-10T11:37:31.969485+00:00
exp-3f1052b8f5df,78,multihop-route-blackhole,multihop-wan,baseline,20261010,client-1,app-1,api,ROUTE_BLACKHOLE,l-edge-core,ROUTING_FAILURE,0.902375,l-edge-core,strong,1,1,1,0,confident,8,2.960818997962633,2026-10-10T11:37:32.248867+00:00
exp-3f1052b8f5df,122,multihop-route-blackhole,multihop-wan,baseline,20261011,client-1,app-1,api,ROUTE_BLACKHOLE,l-edge-core,ROUTING_FAILURE,0.902375,l-edge-core,strong,1,1,1,0,confident,8,2.9370939992077183,2026-10-10T11:37:32.527146+00:00
exp-3f1052b8f5df,166,multihop-route-blackhole,multihop-wan,baseline,20261012,client-1,app-1,api,ROUTE_BLACKHOLE,l-edge-core,ROUTING_FAILURE,0.902375,l-edge-core,strong,1,1,1,0,confident,8,2.966149000712903,2026-10-10T11:37:32.808300+00:00
exp-3f1052b8f5df,210,multihop-route-blackhole,multihop-wan,baseline,20261013,client-1,app-1,api,ROUTE_BLACKHOLE,l-edge-core,ROUTING_FAILURE,0.902375,l-edge-core,strong,1,1,1,0,confident,8,3.133547001198167,2026-10-10T11:37:33.100120+00:00
exp-3f1052b8f5df,254,multihop-route-blackhole,multihop-wan,baseline,20261014,client-1,app-1,api,ROUTE_BLACKHOLE,l-edge-core,ROUTING_FAILURE,0.902375,l-edge-core,strong,1,1,1,0,confident,8,3.1734530020912644,2026-10-10T11:37:33.387632+00:00
exp-3f1052b8f5df,298,multihop-route-blackhole,multihop-wan,baseline,20261015,client-1,app-1,api,ROUTE_BLACKHOLE,l-edge-core,ROUTING_FAILURE,0.902375,l-edge-core,strong,1,1,1,0,confident,8,2.9915269988123327,2026-10-10T11:37:33.670340+00:00
exp-3f1052b8f5df,342,multihop-route-blackhole,multihop-wan,baseline,20261016,client-1,app-1,api,ROUTE_BLACKHOLE,l-edge-core,ROUTING_FAILURE,0.902375,l-edge-core,strong,1,1,1,0,confident,8,2.993501999299042,2026-10-10T11:37:33.956275+00:00
exp-3f1052b8f5df,386,multihop-route-blackhole,multihop-wan,baseline,20261017,client-1,app-1,api,ROUTE_BLACKHOLE,l-edge-core,ROUTING_FAILURE,0.902375,l-edge-core,strong,1,1,1,0,confident,8,2.9510909989767242,2026-10-10T11:37:34.246996+00:00
exp-3f1052b8f5df,430,multihop-route-blackhole,multihop-wan,baseline,20261018,client-1,app-1,api,ROUTE_BLACKHOLE,l-edge-core,ROUTING_FAILURE,0.902375,l-edge-core,strong,1,1,1,0,confident,8,3.724569000041811,2026-10-10T11:37:34.528320+00:00
exp-3f1052b8f5df,44,multihop-service-down-api,multihop-wan,baseline,20261009,client-1,app-1,api,SERVICE_DOWN,app-1:api,APPLICATION_SERVICE_FAILURE,0.959443,app-1:8080,strong,1,1,1,0,confident,8,3.031292999366997,2026-10-10T11:37:32.027746+00:00
exp-3f1052b8f5df,88,multihop-service-down-api,multihop-wan,baseline,20261010,client-1,app-1,api,SERVICE_DOWN,app-1:api,APPLICATION_SERVICE_FAILURE,0.959443,app-1:8080,strong,1,1,1,0,confident,8,3.028307000931818,2026-10-10T11:37:32.309348+00:00
exp-3f1052b8f5df,132,multihop-service-down-api,multihop-wan,baseline,20261011,client-1,app-1,api,SERVICE_DOWN,app-1:api,APPLICATION_SERVICE_FAILURE,0.959443,app-1:8080,strong,1,1,1,0,confident,8,2.904122000472853,2026-10-10T11:37:32.586819+00:00
exp-3f1052b8f5df,176,multihop-service-down-api,multihop-wan,baseline,20261012,client-1,app-1,api,SERVICE_DOWN,app-1:api,APPLICATION_SERVICE_FAILURE,0.959443,app-1:8080,strong,1,1,1,0,confident,8,2.9188189982960466,2026-10-10T11:37:32.868536+00:00
exp-3f1052b8f5df,220,multihop-service-down-api,multihop-wan,baseline,20261013,client-1,app-1,api,SERVICE_DOWN,app-1:api,APPLICATION_SERVICE_FAILURE,0.959443,app-1:8080,strong,1,1,1,0,confident,8,2.973593000206165,2026-10-10T11:37:33.162837+00:00
exp-3f1052b8f5df,264,multihop-service-down-api,multihop-wan,baseline,20261014,client-1,app-1,api,SERVICE_DOWN,app-1:api,APPLICATION_SERVICE_FAILURE,0.959443,app-1:8080,strong,1,1,1,0,confident,8,2.8597679993254133,2026-10-10T11:37:33.446802+00:00
exp-3f1052b8f5df,308,multihop-service-down-api,multihop-wan,baseline,20261015,client-1,app-1,api,SERVICE_DOWN,app-1:api,APPLICATION_SERVICE_FAILURE,0.959443,app-1:8080,strong,1,1,1,0,confident,8,2.9189600027166307,2026-10-10T11:37:33.733058+00:00
exp-3f1052b8f5df,352,multihop-service-down-api,multihop-wan,baseline,20261016,client-1,app-1,api,SERVICE_DOWN,app-1:api,APPLICATION_SERVICE_FAILURE,0.959443,app-1:8080,strong,1,1,1,0,confident,8,2.8768000011041295,2026-10-10T11:37:34.015909+00:00
exp-3f1052b8f5df,396,multihop-service-down-api,multihop-wan,baseline,20261017,client-1,app-1,api,SERVICE_DOWN,app-1:api,APPLICATION_SERVICE_FAILURE,0.959443,app-1:8080,strong,1,1,1,0,confident,8,3.055540000787005,2026-10-10T11:37:34.307839+00:00
exp-3f1052b8f5df,440,multihop-service-down-api,multihop-wan,baseline,20261018,client-1,app-1,api,SERVICE_DOWN,app-1:api,APPLICATION_SERVICE_FAILURE,0.959443,app-1:8080,strong,1,1,1,0,confident,8,3.0338979995576665,2026-10-10T11:37:34.589278+00:00
