experiment_id,id,scenario_id,template_id,strategy,seed,source_node_id,destination_node_id,destination_service,actual_fault_type,actual_target_id,predicted_fault_type,predicted_probability,predicted_target_id,localization_confidence,is_correct_top1,is_correct_top3,is_localization_correct,is_inconclusive,status,probes_used,elapsed_ms,created_at
exp-775f96f441c4,9,campus-dns-outage,campus-basic,adaptive,20261009,client-1,web-1,web,DNS_FAILURE,dns-1,DNS_FAILURE,0.876636,dns-1,strong,1,1,1,0,confident,4,4.492534999826603,2026-10-09T13:50:09.117150+00:00
exp-775f96f441c4,53,campus-dns-outage,campus-basic,adaptive,20261010,client-1,web-1,web,DNS_FAILURE,dns-1,DNS_FAILURE,0.876636,dns-1,strong,1,1,1,0,confident,4,4.198547000214603,2026-10-09T13:50:09.339602+00:00
exp-775f96f441c4,97,campus-dns-outage,campus-basic,adaptive,20261011,client-1,web-1,web,DNS_FAILURE,dns-1,DNS_FAILURE,0.876636,dns-1,strong,1,1,1,0,confident,4,4.538091000085842,2026-10-09T13:50:09.566038+00:00
exp-775f96f441c4,141,campus-dns-outage,campus-basic,adaptive,20261012,client-1,web-1,web,DNS_FAILURE,dns-1,DNS_FAILURE,0.876636,dns-1,strong,1,1,1,0,confident,4,4.3642810001074395,2026-10-09T13:50:09.795067+00:00
exp-775f96f441c4,185,campus-dns-outage,campus-basic,adaptive,20261013,client-1,web-1,web,DNS_FAILURE,dns-1,DNS_FAILURE,0.876636,dns-1,strong,1,1,1,0,confident,4,3.9957909998520336,2026-10-09T13:50:10.022591+00:00
exp-775f96f441c4,229,campus-dns-outage,campus-basic,adaptive,20261014,client-1,web-1,web,DNS_FAILURE,dns-1,DNS_FAILURE,0.876636,dns-1,strong,1,1,1,0,confident,4,4.57987099980528,2026-10-09T13:50:10.257711+00:00
exp-775f96f441c4,273,campus-dns-outage,campus-basic,adaptive,20261015,client-1,web-1,web,DNS_FAILURE,dns-1,DNS_FAILURE,0.876636,dns-1,strong,1,1,1,0,confident,4,4.776073999892105,2026-10-09T13:50:10.491770+00:00
exp-775f96f441c4,317,campus-dns-outage,campus-basic,adaptive,20261016,client-1,web-1,web,DNS_FAILURE,dns-1,DNS_FAILURE,0.876636,dns-1,strong,1,1,1,0,confident,4,4.142119999869465,2026-10-09T13:50:10.732913+00:00
exp-775f96f441c4,361,campus-dns-outage,campus-basic,adaptive,20261017,client-1,web-1,web,DNS_FAILURE,dns-1,DNS_FAILURE,0.876636,dns-1,strong,1,1,1,0,confident,4,4.20382599986624,2026-10-09T13:50:10.966174+00:00
exp-775f96f441c4,405,campus-dns-outage,campus-basic,adaptive,20261018,client-1,web-1,web,DNS_FAILURE,dns-1,DNS_FAILURE,0.876636,dns-1,strong,1,1,1,0,confident,4,4.274881999663194,2026-10-09T13:50:11.202911+00:00
exp-775f96f441c4,27,campus-gateway-unreachable,campus-basic,adaptive,20261009,client-1,web-1,web,GATEWAY_UNREACHABLE,l-client1-access,LINK_FAILURE,0.901744,l-client1-access,moderate,1,1,1,0,confident,3,3.1879269999990356,2026-10-09T13:50:09.208777+00:00
exp-775f96f441c4,71,campus-gateway-unreachable,campus-basic,adaptive,20261010,client-1,web-1,web,GATEWAY_UNREACHABLE,l-client1-access,LINK_FAILURE,0.901744,l-client1-access,moderate,1,1,1,0,confident,3,3.982616000030248,2026-10-09T13:50:09.433618+00:00
exp-775f96f441c4,115,campus-gateway-unreachable,campus-basic,adaptive,20261011,client-1,web-1,web,GATEWAY_UNREACHABLE,l-client1-access,LINK_FAILURE,0.901744,l-client1-access,moderate,1,1,1,0,confident,3,3.364352000062354,2026-10-09T13:50:09.655857+00:00
exp-775f96f441c4,159,campus-gateway-unreachable,campus-basic,adaptive,20261012,client-1,web-1,web,GATEWAY_UNREACHABLE,l-client1-access,LINK_FAILURE,0.901744,l-client1-access,moderate,1,1,1,0,confident,3,3.10549899995749,2026-10-09T13:50:09.886983+00:00
exp-775f96f441c4,203,campus-gateway-unreachable,campus-basic,adaptive,20261013,client-1,web-1,web,GATEWAY_UNREACHABLE,l-client1-access,LINK_FAILURE,0.901744,l-client1-access,moderate,1,1,1,0,confident,3,3.7033650000921625,2026-10-09T13:50:10.117908+00:00
exp-775f96f441c4,247,campus-gateway-unreachable,campus-basic,adaptive,20261014,client-1,web-1,web,GATEWAY_UNREACHABLE,l-client1-access,LINK_FAILURE,0.901744,l-client1-access,moderate,1,1,1,0,confident,3,3.396433000034449,2026-10-09T13:50:10.352002+00:00
exp-775f96f441c4,291,campus-gateway-unreachable,campus-basic,adaptive,20261015,client-1,web-1,web,GATEWAY_UNREACHABLE,l-client1-access,LINK_FAILURE,0.901744,l-client1-access,moderate,1,1,1,0,confident,3,3.5689800001819094,2026-10-09T13:50:10.590240+00:00
exp-775f96f441c4,335,campus-gateway-unreachable,campus-basic,adaptive,20261016,client-1,web-1,web,GATEWAY_UNREACHABLE,l-client1-access,LINK_FAILURE,0.901744,l-client1-access,moderate,1,1,1,0,confident,3,3.3020939999914845,2026-10-09T13:50:10.825680+00:00
exp-775f96f441c4,379,campus-gateway-unreachable,campus-basic,adaptive,20261017,client-1,web-1,web,GATEWAY_UNREACHABLE,l-client1-access,LINK_FAILURE,0.901744,l-client1-access,moderate,1,1,1,0,confident,3,3.440265999870462,2026-10-09T13:50:11.064452+00:00
exp-775f96f441c4,423,campus-gateway-unreachable,campus-basic,adaptive,20261018,client-1,web-1,web,GATEWAY_UNREACHABLE,l-client1-access,LINK_FAILURE,0.901744,l-client1-access,moderate,1,1,1,0,confident,3,3.1314799998654053,2026-10-09T13:50:11.293667+00:00
exp-775f96f441c4,15,campus-high-latency,campus-basic,adaptive,20261009,client-1,web-1,web,HIGH_LATENCY,l-access-campus,HIGH_LATENCY,0.891741,,none,1,1,,0,confident,5,5.0468680001358734,2026-10-09T13:50:09.151460+00:00
exp-775f96f441c4,59,campus-high-latency,campus-basic,adaptive,20261010,client-1,web-1,web,HIGH_LATENCY,l-access-campus,HIGH_LATENCY,0.891741,,none,1,1,,0,confident,5,4.595850999976392,2026-10-09T13:50:09.373471+00:00
exp-775f96f441c4,103,campus-high-latency,campus-basic,adaptive,20261011,client-1,web-1,web,HIGH_LATENCY,l-access-campus,HIGH_LATENCY,0.891741,,none,1,1,,0,confident,5,5.498496000200248,2026-10-09T13:50:09.600571+00:00
exp-775f96f441c4,147,campus-high-latency,campus-basic,adaptive,20261012,client-1,web-1,web,HIGH_LATENCY,l-access-campus,HIGH_LATENCY,0.891741,,none,1,1,,0,confident,5,5.460774000312085,2026-10-09T13:50:09.830359+00:00
exp-775f96f441c4,191,campus-high-latency,campus-basic,adaptive,20261013,client-1,web-1,web,HIGH_LATENCY,l-access-campus,HIGH_LATENCY,0.891741,,none,1,1,,0,confident,5,5.616179999833548,2026-10-09T13:50:10.056933+00:00
exp-775f96f441c4,235,campus-high-latency,campus-basic,adaptive,20261014,client-1,web-1,web,HIGH_LATENCY,l-access-campus,HIGH_LATENCY,0.891741,,none,1,1,,0,confident,5,5.11022899991076,2026-10-09T13:50:10.292722+00:00
exp-775f96f441c4,279,campus-high-latency,campus-basic,adaptive,20261015,client-1,web-1,web,HIGH_LATENCY,l-access-campus,HIGH_LATENCY,0.891741,,none,1,1,,0,confident,5,5.906501000026765,2026-10-09T13:50:10.529389+00:00
exp-775f96f441c4,323,campus-high-latency,campus-basic,adaptive,20261016,client-1,web-1,web,HIGH_LATENCY,l-access-campus,HIGH_LATENCY,0.891741,,none,1,1,,0,confident,5,5.092545000024984,2026-10-09T13:50:10.768207+00:00
exp-775f96f441c4,367,campus-high-latency,campus-basic,adaptive,20261017,client-1,web-1,web,HIGH_LATENCY,l-access-campus,HIGH_LATENCY,0.891741,,none,1,1,,0,confident,5,5.701471000065794,2026-10-09T13:50:11.002856+00:00
exp-775f96f441c4,411,campus-high-latency,campus-basic,adaptive,20261018,client-1,web-1,web,HIGH_LATENCY,l-access-campus,HIGH_LATENCY,0.891741,,none,1,1,,0,confident,5,5.187045000184298,2026-10-09T13:50:11.238140+00:00
exp-775f96f441c4,5,campus-link-down-far,campus-basic,adaptive,20261009,client-1,web-1,web,LINK_DOWN,l-campus-edge,LINK_FAILURE,0.810667,l-campus-edge,strong,1,1,1,0,confident,5,5.9584300001915835,2026-10-09T13:50:09.095742+00:00
exp-775f96f441c4,49,campus-link-down-far,campus-basic,adaptive,20261010,client-1,web-1,web,LINK_DOWN,l-campus-edge,LINK_FAILURE,0.810667,l-campus-edge,strong,1,1,1,0,confident,5,5.014737000237801,2026-10-09T13:50:09.318162+00:00
exp-775f96f441c4,93,campus-link-down-far,campus-basic,adaptive,20261011,client-1,web-1,web,LINK_DOWN,l-campus-edge,LINK_FAILURE,0.810667,l-campus-edge,strong,1,1,1,0,confident,5,4.947138999796152,2026-10-09T13:50:09.543559+00:00
exp-775f96f441c4,137,campus-link-down-far,campus-basic,adaptive,20261012,client-1,web-1,web,LINK_DOWN,l-campus-edge,LINK_FAILURE,0.810667,l-campus-edge,strong,1,1,1,0,confident,5,5.665702999976929,2026-10-09T13:50:09.772751+00:00
exp-775f96f441c4,181,campus-link-down-far,campus-basic,adaptive,20261013,client-1,web-1,web,LINK_DOWN,l-campus-edge,LINK_FAILURE,0.810667,l-campus-edge,strong,1,1,1,0,confident,5,6.642028000442224,2026-10-09T13:50:10.000198+00:00
exp-775f96f441c4,225,campus-link-down-far,campus-basic,adaptive,20261014,client-1,web-1,web,LINK_DOWN,l-campus-edge,LINK_FAILURE,0.810667,l-campus-edge,strong,1,1,1,0,confident,5,4.898866999610618,2026-10-09T13:50:10.234351+00:00
exp-775f96f441c4,269,campus-link-down-far,campus-basic,adaptive,20261015,client-1,web-1,web,LINK_DOWN,l-campus-edge,LINK_FAILURE,0.810667,l-campus-edge,strong,1,1,1,0,confident,5,5.423282999799994,2026-10-09T13:50:10.468427+00:00
exp-775f96f441c4,313,campus-link-down-far,campus-basic,adaptive,20261016,client-1,web-1,web,LINK_DOWN,l-campus-edge,LINK_FAILURE,0.810667,l-campus-edge,strong,1,1,1,0,confident,5,5.57563200027289,2026-10-09T13:50:10.709057+00:00
exp-775f96f441c4,357,campus-link-down-far,campus-basic,adaptive,20261017,client-1,web-1,web,LINK_DOWN,l-campus-edge,LINK_FAILURE,0.810667,l-campus-edge,strong,1,1,1,0,confident,5,4.927340999984153,2026-10-09T13:50:10.943835+00:00
exp-775f96f441c4,401,campus-link-down-far,campus-basic,adaptive,20261018,client-1,web-1,web,LINK_DOWN,l-campus-edge,LINK_FAILURE,0.810667,l-campus-edge,strong,1,1,1,0,confident,5,5.458339999677264,2026-10-09T13:50:11.181291+00:00
exp-775f96f441c4,3,campus-link-down-near,campus-basic,adaptive,20261009,client-1,web-1,web,LINK_DOWN,l-access-campus,LINK_FAILURE,0.810667,l-access-campus,strong,1,1,1,0,confident,5,5.677245000242692,2026-10-09T13:50:09.083516+00:00
exp-775f96f441c4,47,campus-link-down-near,campus-basic,adaptive,20261010,client-1,web-1,web,LINK_DOWN,l-access-campus,LINK_FAILURE,0.810667,l-access-campus,strong,1,1,1,0,confident,5,5.118673999731982,2026-10-09T13:50:09.306907+00:00
exp-775f96f441c4,91,campus-link-down-near,campus-basic,adaptive,20261011,client-1,web-1,web,LINK_DOWN,l-access-campus,LINK_FAILURE,0.810667,l-access-campus,strong,1,1,1,0,confident,5,5.461836999984371,2026-10-09T13:50:09.532189+00:00
exp-775f96f441c4,135,campus-link-down-near,campus-basic,adaptive,20261012,client-1,web-1,web,LINK_DOWN,l-access-campus,LINK_FAILURE,0.810667,l-access-campus,strong,1,1,1,0,confident,5,5.409375999988697,2026-10-09T13:50:09.760970+00:00
exp-775f96f441c4,179,campus-link-down-near,campus-basic,adaptive,20261013,client-1,web-1,web,LINK_DOWN,l-access-campus,LINK_FAILURE,0.810667,l-access-campus,strong,1,1,1,0,confident,5,5.408726000041497,2026-10-09T13:50:09.987028+00:00
exp-775f96f441c4,223,campus-link-down-near,campus-basic,adaptive,20261014,client-1,web-1,web,LINK_DOWN,l-access-campus,LINK_FAILURE,0.810667,l-access-campus,strong,1,1,1,0,confident,5,5.612262000340706,2026-10-09T13:50:10.223145+00:00
exp-775f96f441c4,267,campus-link-down-near,campus-basic,adaptive,20261015,client-1,web-1,web,LINK_DOWN,l-access-campus,LINK_FAILURE,0.810667,l-access-campus,strong,1,1,1,0,confident,5,5.429784999705589,2026-10-09T13:50:10.455627+00:00
exp-775f96f441c4,311,campus-link-down-near,campus-basic,adaptive,20261016,client-1,web-1,web,LINK_DOWN,l-access-campus,LINK_FAILURE,0.810667,l-access-campus,strong,1,1,1,0,confident,5,5.517683000107354,2026-10-09T13:50:10.696542+00:00
exp-775f96f441c4,355,campus-link-down-near,campus-basic,adaptive,20261017,client-1,web-1,web,LINK_DOWN,l-access-campus,LINK_FAILURE,0.810667,l-access-campus,strong,1,1,1,0,confident,5,6.0142150000501715,2026-10-09T13:50:10.932232+00:00
exp-775f96f441c4,399,campus-link-down-near,campus-basic,adaptive,20261018,client-1,web-1,web,LINK_DOWN,l-access-campus,LINK_FAILURE,0.810667,l-access-campus,strong,1,1,1,0,confident,5,5.109357000037562,2026-10-09T13:50:11.169062+00:00
exp-775f96f441c4,19,campus-mtu-1000-db,campus-basic,adaptive,20261009,client-1,db-1,postgres,MTU_BLACK_HOLE,l-campus-edge,MTU_BLACK_HOLE,0.962237,l-campus-edge,strong,1,1,1,0,confident,4,5.017471999963163,2026-10-09T13:50:09.172900+00:00
exp-775f96f441c4,63,campus-mtu-1000-db,campus-basic,adaptive,20261010,client-1,db-1,postgres,MTU_BLACK_HOLE,l-campus-edge,MTU_BLACK_HOLE,0.962237,l-campus-edge,strong,1,1,1,0,confident,4,5.381874999784486,2026-10-09T13:50:09.394522+00:00
exp-775f96f441c4,107,campus-mtu-1000-db,campus-basic,adaptive,20261011,client-1,db-1,postgres,MTU_BLACK_HOLE,l-campus-edge,MTU_BLACK_HOLE,0.962237,l-campus-edge,strong,1,1,1,0,confident,4,4.109728000003088,2026-10-09T13:50:09.620747+00:00
exp-775f96f441c4,151,campus-mtu-1000-db,campus-basic,adaptive,20261012,client-1,db-1,postgres,MTU_BLACK_HOLE,l-campus-edge,MTU_BLACK_HOLE,0.962237,l-campus-edge,strong,1,1,1,0,confident,4,3.9926949998516648,2026-10-09T13:50:09.850527+00:00
exp-775f96f441c4,195,campus-mtu-1000-db,campus-basic,adaptive,20261013,client-1,db-1,postgres,MTU_BLACK_HOLE,l-campus-edge,MTU_BLACK_HOLE,0.962237,l-campus-edge,strong,1,1,1,0,confident,4,4.050274999826797,2026-10-09T13:50:10.080993+00:00
exp-775f96f441c4,239,campus-mtu-1000-db,campus-basic,adaptive,20261014,client-1,db-1,postgres,MTU_BLACK_HOLE,l-campus-edge,MTU_BLACK_HOLE,0.962237,l-campus-edge,strong,1,1,1,0,confident,4,4.756285999974352,2026-10-09T13:50:10.314515+00:00
exp-775f96f441c4,283,campus-mtu-1000-db,campus-basic,adaptive,20261015,client-1,db-1,postgres,MTU_BLACK_HOLE,l-campus-edge,MTU_BLACK_HOLE,0.962237,l-campus-edge,strong,1,1,1,0,confident,4,4.736388000310399,2026-10-09T13:50:10.551903+00:00
exp-775f96f441c4,327,campus-mtu-1000-db,campus-basic,adaptive,20261016,client-1,db-1,postgres,MTU_BLACK_HOLE,l-campus-edge,MTU_BLACK_HOLE,0.962237,l-campus-edge,strong,1,1,1,0,confident,4,4.887125000095693,2026-10-09T13:50:10.789312+00:00
exp-775f96f441c4,371,campus-mtu-1000-db,campus-basic,adaptive,20261017,client-1,db-1,postgres,MTU_BLACK_HOLE,l-campus-edge,MTU_BLACK_HOLE,0.962237,l-campus-edge,strong,1,1,1,0,confident,4,4.84973299990088,2026-10-09T13:50:11.023417+00:00
exp-775f96f441c4,415,campus-mtu-1000-db,campus-basic,adaptive,20261018,client-1,db-1,postgres,MTU_BLACK_HOLE,l-campus-edge,MTU_BLACK_HOLE,0.962237,l-campus-edge,strong,1,1,1,0,confident,4,4.2678279996835045,2026-10-09T13:50:11.258295+00:00
exp-775f96f441c4,17,campus-mtu-576,campus-basic,adaptive,20261009,client-1,web-1,web,MTU_BLACK_HOLE,l-access-campus,MTU_BLACK_HOLE,0.962237,l-access-campus,strong,1,1,1,0,confident,4,4.461565999918093,2026-10-09T13:50:09.162005+00:00
exp-775f96f441c4,61,campus-mtu-576,campus-basic,adaptive,20261010,client-1,web-1,web,MTU_BLACK_HOLE,l-access-campus,MTU_BLACK_HOLE,0.962237,l-access-campus,strong,1,1,1,0,confident,4,4.028253000342374,2026-10-09T13:50:09.384297+00:00
exp-775f96f441c4,105,campus-mtu-576,campus-basic,adaptive,20261011,client-1,web-1,web,MTU_BLACK_HOLE,l-access-campus,MTU_BLACK_HOLE,0.962237,l-access-campus,strong,1,1,1,0,confident,4,4.808916000001773,2026-10-09T13:50:09.611209+00:00
exp-775f96f441c4,149,campus-mtu-576,campus-basic,adaptive,20261012,client-1,web-1,web,MTU_BLACK_HOLE,l-access-campus,MTU_BLACK_HOLE,0.962237,l-access-campus,strong,1,1,1,0,confident,4,4.955354000230727,2026-10-09T13:50:09.840974+00:00
exp-775f96f441c4,193,campus-mtu-576,campus-basic,adaptive,20261013,client-1,web-1,web,MTU_BLACK_HOLE,l-access-campus,MTU_BLACK_HOLE,0.962237,l-access-campus,strong,1,1,1,0,confident,4,4.603366000083042,2026-10-09T13:50:10.071723+00:00
exp-775f96f441c4,237,campus-mtu-576,campus-basic,adaptive,20261014,client-1,web-1,web,MTU_BLACK_HOLE,l-access-campus,MTU_BLACK_HOLE,0.962237,l-access-campus,strong,1,1,1,0,confident,4,5.018153000037273,2026-10-09T13:50:10.303525+00:00
exp-775f96f441c4,281,campus-mtu-576,campus-basic,adaptive,20261015,client-1,web-1,web,MTU_BLACK_HOLE,l-access-campus,MTU_BLACK_HOLE,0.962237,l-access-campus,strong,1,1,1,0,confident,4,4.80003900020165,2026-10-09T13:50:10.540796+00:00
exp-775f96f441c4,325,campus-mtu-576,campus-basic,adaptive,20261016,client-1,web-1,web,MTU_BLACK_HOLE,l-access-campus,MTU_BLACK_HOLE,0.962237,l-access-campus,strong,1,1,1,0,confident,4,4.162718999850767,2026-10-09T13:50:10.778938+00:00
exp-775f96f441c4,369,campus-mtu-576,campus-basic,adaptive,20261017,client-1,web-1,web,MTU_BLACK_HOLE,l-access-campus,MTU_BLACK_HOLE,0.962237,l-access-campus,strong,1,1,1,0,confident,4,4.085712000232888,2026-10-09T13:50:11.012608+00:00
exp-775f96f441c4,413,campus-mtu-576,campus-basic,adaptive,20261018,client-1,web-1,web,MTU_BLACK_HOLE,l-access-campus,MTU_BLACK_HOLE,0.962237,l-access-campus,strong,1,1,1,0,confident,4,4.514136000125291,2026-10-09T13:50:11.248768+00:00
exp-775f96f441c4,1,campus-nofault-web,campus-basic,adaptive,20261009,client-1,web-1,web,,,NO_FAULT_DETECTED,0.967778,,none,1,1,,0,confident,4,4.8887469997680455,2026-10-09T13:50:09.072161+00:00
exp-775f96f441c4,45,campus-nofault-web,campus-basic,adaptive,20261010,client-1,web-1,web,,,NO_FAULT_DETECTED,0.967778,,none,1,1,,0,confident,4,4.4955200000913464,2026-10-09T13:50:09.296701+00:00
exp-775f96f441c4,89,campus-nofault-web,campus-basic,adaptive,20261011,client-1,web-1,web,,,NO_FAULT_DETECTED,0.967778,,none,1,1,,0,confident,4,3.9954809999471763,2026-10-09T13:50:09.521852+00:00
exp-775f96f441c4,133,campus-nofault-web,campus-basic,adaptive,20261012,client-1,web-1,web,,,NO_FAULT_DETECTED,0.967778,,none,1,1,,0,confident,4,4.243622000103642,2026-10-09T13:50:09.749481+00:00
exp-775f96f441c4,177,campus-nofault-web,campus-basic,adaptive,20261013,client-1,web-1,web,,,NO_FAULT_DETECTED,0.967778,,none,1,1,,0,confident,4,4.130325999994966,2026-10-09T13:50:09.975896+00:00
exp-775f96f441c4,221,campus-nofault-web,campus-basic,adaptive,20261014,client-1,web-1,web,,,NO_FAULT_DETECTED,0.967778,,none,1,1,,0,confident,4,4.138001000228542,2026-10-09T13:50:10.211634+00:00
exp-775f96f441c4,265,campus-nofault-web,campus-basic,adaptive,20261015,client-1,web-1,web,,,NO_FAULT_DETECTED,0.967778,,none,1,1,,0,confident,4,5.225067000083072,2026-10-09T13:50:10.444945+00:00
exp-775f96f441c4,309,campus-nofault-web,campus-basic,adaptive,20261016,client-1,web-1,web,,,NO_FAULT_DETECTED,0.967778,,none,1,1,,0,confident,4,5.18023099994025,2026-10-09T13:50:10.685225+00:00
exp-775f96f441c4,353,campus-nofault-web,campus-basic,adaptive,20261017,client-1,web-1,web,,,NO_FAULT_DETECTED,0.967778,,none,1,1,,0,confident,4,3.9532300002065313,2026-10-09T13:50:10.920739+00:00
exp-775f96f441c4,397,campus-nofault-web,campus-basic,adaptive,20261018,client-1,web-1,web,,,NO_FAULT_DETECTED,0.967778,,none,1,1,,0,confident,4,4.2251570002918015,2026-10-09T13:50:11.158274+00:00
exp-775f96f441c4,11,campus-packet-loss-moderate,campus-basic,adaptive,20261009,client-1,web-1,web,PACKET_LOSS,l-access-campus,PACKET_LOSS,0.896544,,none,1,1,,0,confident,5,5.147429000317061,2026-10-09T13:50:09.128039+00:00
exp-775f96f441c4,55,campus-packet-loss-moderate,campus-basic,adaptive,20261010,client-1,web-1,web,PACKET_LOSS,l-access-campus,MTU_BLACK_HOLE,0.583824,l-client1-access,strong,0,1,0,1,budget_exhausted,8,6.367237000176829,2026-10-09T13:50:09.351293+00:00
exp-775f96f441c4,99,campus-packet-loss-moderate,campus-basic,adaptive,20261011,client-1,web-1,web,PACKET_LOSS,l-access-campus,PACKET_LOSS,0.959892,,none,1,1,,0,confident,6,5.45794899971952,2026-10-09T13:50:09.577172+00:00
exp-775f96f441c4,143,campus-packet-loss-moderate,campus-basic,adaptive,20261012,client-1,web-1,web,PACKET_LOSS,l-access-campus,PACKET_LOSS,0.896544,,none,1,1,,0,confident,5,5.651746999774332,2026-10-09T13:50:09.806415+00:00
exp-775f96f441c4,187,campus-packet-loss-moderate,campus-basic,adaptive,20261013,client-1,web-1,web,PACKET_LOSS,l-access-campus,PACKET_LOSS,0.959892,,none,1,1,,0,confident,6,5.372867000005499,2026-10-09T13:50:10.033215+00:00
exp-775f96f441c4,231,campus-packet-loss-moderate,campus-basic,adaptive,20261014,client-1,web-1,web,PACKET_LOSS,l-access-campus,PACKET_LOSS,0.588234,,none,1,1,,1,budget_exhausted,8,6.4067910002449935,2026-10-09T13:50:10.269542+00:00
exp-775f96f441c4,275,campus-packet-loss-moderate,campus-basic,adaptive,20261015,client-1,web-1,web,PACKET_LOSS,l-access-campus,PACKET_LOSS,0.588234,,none,1,1,,1,budget_exhausted,8,6.669730999874446,2026-10-09T13:50:10.504785+00:00
exp-775f96f441c4,319,campus-packet-loss-moderate,campus-basic,adaptive,20261016,client-1,web-1,web,PACKET_LOSS,l-access-campus,PACKET_LOSS,0.64096,,none,1,1,,1,budget_exhausted,8,6.739683999967383,2026-10-09T13:50:10.745484+00:00
exp-775f96f441c4,363,campus-packet-loss-moderate,campus-basic,adaptive,20261017,client-1,web-1,web,PACKET_LOSS,l-access-campus,PACKET_LOSS,0.64096,,none,1,1,,1,budget_exhausted,8,6.765423000160808,2026-10-09T13:50:10.978993+00:00
exp-775f96f441c4,407,campus-packet-loss-moderate,campus-basic,adaptive,20261018,client-1,web-1,web,PACKET_LOSS,l-access-campus,PACKET_LOSS,0.896544,,none,1,1,,0,confident,5,4.957989000104135,2026-10-09T13:50:11.213593+00:00
exp-775f96f441c4,13,campus-packet-loss-severe,campus-basic,adaptive,20261009,client-1,web-1,web,PACKET_LOSS,l-edge-web,PACKET_LOSS,0.959892,,none,1,1,,0,confident,6,5.616420000023936,2026-10-09T13:50:09.140271+00:00
exp-775f96f441c4,57,campus-packet-loss-severe,campus-basic,adaptive,20261010,client-1,web-1,web,PACKET_LOSS,l-edge-web,PACKET_LOSS,0.959892,,none,1,1,,0,confident,6,5.813774999751331,2026-10-09T13:50:09.363392+00:00
exp-775f96f441c4,101,campus-packet-loss-severe,campus-basic,adaptive,20261011,client-1,web-1,web,PACKET_LOSS,l-edge-web,PACKET_LOSS,0.959892,,none,1,1,,0,confident,6,5.301141000018106,2026-10-09T13:50:09.588984+00:00
exp-775f96f441c4,145,campus-packet-loss-severe,campus-basic,adaptive,20261012,client-1,web-1,web,PACKET_LOSS,l-edge-web,PACKET_LOSS,0.959892,,none,1,1,,0,confident,6,5.610128000171244,2026-10-09T13:50:09.818326+00:00
exp-775f96f441c4,189,campus-packet-loss-severe,campus-basic,adaptive,20261013,client-1,web-1,web,PACKET_LOSS,l-edge-web,PACKET_LOSS,0.952402,,none,1,1,,0,confident,6,5.527360000087356,2026-10-09T13:50:10.045162+00:00
exp-775f96f441c4,233,campus-packet-loss-severe,campus-basic,adaptive,20261014,client-1,web-1,web,PACKET_LOSS,l-edge-web,PACKET_LOSS,0.959892,,none,1,1,,0,confident,6,5.306130000008125,2026-10-09T13:50:10.281472+00:00
exp-775f96f441c4,277,campus-packet-loss-severe,campus-basic,adaptive,20261015,client-1,web-1,web,PACKET_LOSS,l-edge-web,PACKET_LOSS,0.952402,,none,1,1,,0,confident,6,5.458179000015662,2026-10-09T13:50:10.516603+00:00
exp-775f96f441c4,321,campus-packet-loss-severe,campus-basic,adaptive,20261016,client-1,web-1,web,PACKET_LOSS,l-edge-web,PACKET_LOSS,0.896544,,none,1,1,,0,confident,5,5.063419000180147,2026-10-09T13:50:10.756472+00:00
exp-775f96f441c4,365,campus-packet-loss-severe,campus-basic,adaptive,20261017,client-1,web-1,web,PACKET_LOSS,l-edge-web,PACKET_LOSS,0.959892,,none,1,1,,0,confident,6,5.583968000337336,2026-10-09T13:50:10.990579+00:00
exp-775f96f441c4,409,campus-packet-loss-severe,campus-basic,adaptive,20261018,client-1,web-1,web,PACKET_LOSS,l-edge-web,PACKET_LOSS,0.896544,,none,1,1,,0,confident,5,5.43687899971701,2026-10-09T13:50:11.225578+00:00
exp-775f96f441c4,21,campus-port-blocked-web,campus-basic,adaptive,20261009,client-1,web-1,web,TCP_PORT_BLOCKED,web-1:web,TCP_FILTER_OR_PORT_FAILURE,0.839187,web-1:80,strong,1,1,1,0,confident,4,4.647629999908531,2026-10-09T13:50:09.182931+00:00
exp-775f96f441c4,65,campus-port-blocked-web,campus-basic,adaptive,20261010,client-1,web-1,web,TCP_PORT_BLOCKED,web-1:web,TCP_FILTER_OR_PORT_FAILURE,0.839187,web-1:80,strong,1,1,1,0,confident,4,5.584097999872029,2026-10-09T13:50:09.405416+00:00
exp-775f96f441c4,109,campus-port-blocked-web,campus-basic,adaptive,20261011,client-1,web-1,web,TCP_PORT_BLOCKED,web-1:web,TCP_FILTER_OR_PORT_FAILURE,0.839187,web-1:80,strong,1,1,1,0,confident,4,4.210689000046841,2026-10-09T13:50:09.630007+00:00
exp-775f96f441c4,153,campus-port-blocked-web,campus-basic,adaptive,20261012,client-1,web-1,web,TCP_PORT_BLOCKED,web-1:web,TCP_FILTER_OR_PORT_FAILURE,0.839187,web-1:80,strong,1,1,1,0,confident,4,4.4771150000997295,2026-10-09T13:50:09.861366+00:00
exp-775f96f441c4,197,campus-port-blocked-web,campus-basic,adaptive,20261013,client-1,web-1,web,TCP_PORT_BLOCKED,web-1:web,TCP_FILTER_OR_PORT_FAILURE,0.839187,web-1:80,strong,1,1,1,0,confident,4,3.9167609998003172,2026-10-09T13:50:10.091055+00:00
exp-775f96f441c4,241,campus-port-blocked-web,campus-basic,adaptive,20261014,client-1,web-1,web,TCP_PORT_BLOCKED,web-1:web,TCP_FILTER_OR_PORT_FAILURE,0.839187,web-1:80,strong,1,1,1,0,confident,4,5.089469000267854,2026-10-09T13:50:10.325201+00:00
exp-775f96f441c4,285,campus-port-blocked-web,campus-basic,adaptive,20261015,client-1,web-1,web,TCP_PORT_BLOCKED,web-1:web,TCP_FILTER_OR_PORT_FAILURE,0.839187,web-1:80,strong,1,1,1,0,confident,4,4.051776999858703,2026-10-09T13:50:10.561970+00:00
exp-775f96f441c4,329,campus-port-blocked-web,campus-basic,adaptive,20261016,client-1,web-1,web,TCP_PORT_BLOCKED,web-1:web,TCP_FILTER_OR_PORT_FAILURE,0.839187,web-1:80,strong,1,1,1,0,confident,4,3.9659150002080423,2026-10-09T13:50:10.798732+00:00
exp-775f96f441c4,373,campus-port-blocked-web,campus-basic,adaptive,20261017,client-1,web-1,web,TCP_PORT_BLOCKED,web-1:web,TCP_FILTER_OR_PORT_FAILURE,0.839187,web-1:80,strong,1,1,1,0,confident,4,4.12636900000507,2026-10-09T13:50:11.033001+00:00
exp-775f96f441c4,417,campus-port-blocked-web,campus-basic,adaptive,20261018,client-1,web-1,web,TCP_PORT_BLOCKED,web-1:web,TCP_FILTER_OR_PORT_FAILURE,0.839187,web-1:80,strong,1,1,1,0,confident,4,4.167226999925333,2026-10-09T13:50:11.268273+00:00
exp-775f96f441c4,23,campus-port-rejected-db,campus-basic,adaptive,20261009,client-1,db-1,postgres,TCP_PORT_REJECTED,db-1:postgres,TCP_FILTER_OR_PORT_FAILURE,0.877038,db-1:5432,strong,1,1,1,0,confident,2,2.197604999764735,2026-10-09T13:50:09.191210+00:00
exp-775f96f441c4,67,campus-port-rejected-db,campus-basic,adaptive,20261010,client-1,db-1,postgres,TCP_PORT_REJECTED,db-1:postgres,TCP_FILTER_OR_PORT_FAILURE,0.877038,db-1:5432,strong,1,1,1,0,confident,2,2.256607000163058,2026-10-09T13:50:09.414251+00:00
exp-775f96f441c4,111,campus-port-rejected-db,campus-basic,adaptive,20261011,client-1,db-1,postgres,TCP_PORT_REJECTED,db-1:postgres,TCP_FILTER_OR_PORT_FAILURE,0.877038,db-1:5432,strong,1,1,1,0,confident,2,2.4574590001975594,2026-10-09T13:50:09.638188+00:00
exp-775f96f441c4,155,campus-port-rejected-db,campus-basic,adaptive,20261012,client-1,db-1,postgres,TCP_PORT_REJECTED,db-1:postgres,TCP_FILTER_OR_PORT_FAILURE,0.877038,db-1:5432,strong,1,1,1,0,confident,2,2.284219000102894,2026-10-09T13:50:09.869407+00:00
exp-775f96f441c4,199,campus-port-rejected-db,campus-basic,adaptive,20261013,client-1,db-1,postgres,TCP_PORT_REJECTED,db-1:postgres,TCP_FILTER_OR_PORT_FAILURE,0.877038,db-1:5432,strong,1,1,1,0,confident,2,2.7960120000898314,2026-10-09T13:50:10.100074+00:00
exp-775f96f441c4,243,campus-port-rejected-db,campus-basic,adaptive,20261014,client-1,db-1,postgres,TCP_PORT_REJECTED,db-1:postgres,TCP_FILTER_OR_PORT_FAILURE,0.877038,db-1:5432,strong,1,1,1,0,confident,2,2.165153000078135,2026-10-09T13:50:10.333789+00:00
exp-775f96f441c4,287,campus-port-rejected-db,campus-basic,adaptive,20261015,client-1,db-1,postgres,TCP_PORT_REJECTED,db-1:postgres,TCP_FILTER_OR_PORT_FAILURE,0.877038,db-1:5432,strong,1,1,1,0,confident,2,2.6203180000266,2026-10-09T13:50:10.571117+00:00
exp-775f96f441c4,331,campus-port-rejected-db,campus-basic,adaptive,20261016,client-1,db-1,postgres,TCP_PORT_REJECTED,db-1:postgres,TCP_FILTER_OR_PORT_FAILURE,0.877038,db-1:5432,strong,1,1,1,0,confident,2,2.3739900002510694,2026-10-09T13:50:10.807621+00:00
exp-775f96f441c4,375,campus-port-rejected-db,campus-basic,adaptive,20261017,client-1,db-1,postgres,TCP_PORT_REJECTED,db-1:postgres,TCP_FILTER_OR_PORT_FAILURE,0.877038,db-1:5432,strong,1,1,1,0,confident,2,2.6372899997113564,2026-10-09T13:50:11.041786+00:00
exp-775f96f441c4,419,campus-port-rejected-db,campus-basic,adaptive,20261018,client-1,db-1,postgres,TCP_PORT_REJECTED,db-1:postgres,TCP_FILTER_OR_PORT_FAILURE,0.877038,db-1:5432,strong,1,1,1,0,confident,2,2.5858330000119167,2026-10-09T13:50:11.276616+00:00
exp-775f96f441c4,7,campus-route-blackhole,campus-basic,adaptive,20261009,client-1,web-1,web,ROUTE_BLACKHOLE,l-campus-edge,ROUTING_FAILURE,0.822768,l-campus-edge,strong,1,1,1,0,confident,5,4.702944999735337,2026-10-09T13:50:09.106477+00:00
exp-775f96f441c4,51,campus-route-blackhole,campus-basic,adaptive,20261010,client-1,web-1,web,ROUTE_BLACKHOLE,l-campus-edge,ROUTING_FAILURE,0.822768,l-campus-edge,strong,1,1,1,0,confident,5,4.941378000239638,2026-10-09T13:50:09.329402+00:00
exp-775f96f441c4,95,campus-route-blackhole,campus-basic,adaptive,20261011,client-1,web-1,web,ROUTE_BLACKHOLE,l-campus-edge,ROUTING_FAILURE,0.822768,l-campus-edge,strong,1,1,1,0,confident,5,4.8478099997737445,2026-10-09T13:50:09.555364+00:00
exp-775f96f441c4,139,campus-route-blackhole,campus-basic,adaptive,20261012,client-1,web-1,web,ROUTE_BLACKHOLE,l-campus-edge,ROUTING_FAILURE,0.822768,l-campus-edge,strong,1,1,1,0,confident,5,4.751295999994909,2026-10-09T13:50:09.783989+00:00
exp-775f96f441c4,183,campus-route-blackhole,campus-basic,adaptive,20261013,client-1,web-1,web,ROUTE_BLACKHOLE,l-campus-edge,ROUTING_FAILURE,0.822768,l-campus-edge,strong,1,1,1,0,confident,5,5.018735000248853,2026-10-09T13:50:10.012168+00:00
exp-775f96f441c4,227,campus-route-blackhole,campus-basic,adaptive,20261014,client-1,web-1,web,ROUTE_BLACKHOLE,l-campus-edge,ROUTING_FAILURE,0.822768,l-campus-edge,strong,1,1,1,0,confident,5,5.151948000275297,2026-10-09T13:50:10.247066+00:00
exp-775f96f441c4,271,campus-route-blackhole,campus-basic,adaptive,20261015,client-1,web-1,web,ROUTE_BLACKHOLE,l-campus-edge,ROUTING_FAILURE,0.822768,l-campus-edge,strong,1,1,1,0,confident,5,5.051997999999003,2026-10-09T13:50:10.480509+00:00
exp-775f96f441c4,315,campus-route-blackhole,campus-basic,adaptive,20261016,client-1,web-1,web,ROUTE_BLACKHOLE,l-campus-edge,ROUTING_FAILURE,0.822768,l-campus-edge,strong,1,1,1,0,confident,5,5.704738000076759,2026-10-09T13:50:10.721873+00:00
exp-775f96f441c4,359,campus-route-blackhole,campus-basic,adaptive,20261017,client-1,web-1,web,ROUTE_BLACKHOLE,l-campus-edge,ROUTING_FAILURE,0.822768,l-campus-edge,strong,1,1,1,0,confident,5,5.100520000269171,2026-10-09T13:50:10.955770+00:00
exp-775f96f441c4,403,campus-route-blackhole,campus-basic,adaptive,20261018,client-1,web-1,web,ROUTE_BLACKHOLE,l-campus-edge,ROUTING_FAILURE,0.822768,l-campus-edge,strong,1,1,1,0,confident,5,5.036908999954903,2026-10-09T13:50:11.192452+00:00
exp-775f96f441c4,25,campus-service-down-web,campus-basic,adaptive,20261009,client-1,web-1,web,SERVICE_DOWN,web-1:web,APPLICATION_SERVICE_FAILURE,0.909433,web-1:80,strong,1,1,1,0,confident,2,2.5761339998098265,2026-10-09T13:50:09.199475+00:00
exp-775f96f441c4,69,campus-service-down-web,campus-basic,adaptive,20261010,client-1,web-1,web,SERVICE_DOWN,web-1:web,APPLICATION_SERVICE_FAILURE,0.909433,web-1:80,strong,1,1,1,0,confident,2,3.473148000011861,2026-10-09T13:50:09.423476+00:00
exp-775f96f441c4,113,campus-service-down-web,campus-basic,adaptive,20261011,client-1,web-1,web,SERVICE_DOWN,web-1:web,APPLICATION_SERVICE_FAILURE,0.909433,web-1:80,strong,1,1,1,0,confident,2,2.5126230002570082,2026-10-09T13:50:09.646607+00:00
exp-775f96f441c4,157,campus-service-down-web,campus-basic,adaptive,20261012,client-1,web-1,web,SERVICE_DOWN,web-1:web,APPLICATION_SERVICE_FAILURE,0.909433,web-1:80,strong,1,1,1,0,confident,2,2.3866139999881852,2026-10-09T13:50:09.877795+00:00
exp-775f96f441c4,201,campus-service-down-web,campus-basic,adaptive,20261013,client-1,web-1,web,SERVICE_DOWN,web-1:web,APPLICATION_SERVICE_FAILURE,0.909433,web-1:80,strong,1,1,1,0,confident,2,2.5106899997808796,2026-10-09T13:50:10.108407+00:00
exp-775f96f441c4,245,campus-service-down-web,campus-basic,adaptive,20261014,client-1,web-1,web,SERVICE_DOWN,web-1:web,APPLICATION_SERVICE_FAILURE,0.909433,web-1:80,strong,1,1,1,0,confident,2,2.8273210000406834,2026-10-09T13:50:10.342409+00:00
exp-775f96f441c4,289,campus-service-down-web,campus-basic,adaptive,20261015,client-1,web-1,web,SERVICE_DOWN,web-1:web,APPLICATION_SERVICE_FAILURE,0.909433,web-1:80,strong,1,1,1,0,confident,2,2.682015000118554,2026-10-09T13:50:10.579616+00:00
exp-775f96f441c4,333,campus-service-down-web,campus-basic,adaptive,20261016,client-1,web-1,web,SERVICE_DOWN,web-1:web,APPLICATION_SERVICE_FAILURE,0.909433,web-1:80,strong,1,1,1,0,confident,2,2.6087559999723453,2026-10-09T13:50:10.815863+00:00
exp-775f96f441c4,377,campus-service-down-web,campus-basic,adaptive,20261017,client-1,web-1,web,SERVICE_DOWN,web-1:web,APPLICATION_SERVICE_FAILURE,0.909433,web-1:80,strong,1,1,1,0,confident,2,3.024686999651749,2026-10-09T13:50:11.050855+00:00
exp-775f96f441c4,421,campus-service-down-web,campus-basic,adaptive,20261018,client-1,web-1,web,SERVICE_DOWN,web-1:web,APPLICATION_SERVICE_FAILURE,0.909433,web-1:80,strong,1,1,1,0,confident,2,2.2454260001723014,2026-10-09T13:50:11.284971+00:00
exp-775f96f441c4,35,multihop-dns-outage,multihop-wan,adaptive,20261009,client-1,app-1,api,DNS_FAILURE,dns-1,DNS_FAILURE,0.876636,dns-1,strong,1,1,1,0,confident,4,4.443431999789027,2026-10-09T13:50:09.248993+00:00
exp-775f96f441c4,79,multihop-dns-outage,multihop-wan,adaptive,20261010,client-1,app-1,api,DNS_FAILURE,dns-1,DNS_FAILURE,0.876636,dns-1,strong,1,1,1,0,confident,4,3.8895100001354876,2026-10-09T13:50:09.473744+00:00
exp-775f96f441c4,123,multihop-dns-outage,multihop-wan,adaptive,20261011,client-1,app-1,api,DNS_FAILURE,dns-1,DNS_FAILURE,0.876636,dns-1,strong,1,1,1,0,confident,4,4.405288999805634,2026-10-09T13:50:09.699257+00:00
exp-775f96f441c4,167,multihop-dns-outage,multihop-wan,adaptive,20261012,client-1,app-1,api,DNS_FAILURE,dns-1,DNS_FAILURE,0.876636,dns-1,strong,1,1,1,0,confident,4,4.667528000027232,2026-10-09T13:50:09.928759+00:00
exp-775f96f441c4,211,multihop-dns-outage,multihop-wan,adaptive,20261013,client-1,app-1,api,DNS_FAILURE,dns-1,DNS_FAILURE,0.876636,dns-1,strong,1,1,1,0,confident,4,4.286893999960739,2026-10-09T13:50:10.160800+00:00
exp-775f96f441c4,255,multihop-dns-outage,multihop-wan,adaptive,20261014,client-1,app-1,api,DNS_FAILURE,dns-1,DNS_FAILURE,0.876636,dns-1,strong,1,1,1,0,confident,4,4.206511000120372,2026-10-09T13:50:10.393570+00:00
exp-775f96f441c4,299,multihop-dns-outage,multihop-wan,adaptive,20261015,client-1,app-1,api,DNS_FAILURE,dns-1,DNS_FAILURE,0.876636,dns-1,strong,1,1,1,0,confident,4,4.230928000197309,2026-10-09T13:50:10.633786+00:00
exp-775f96f441c4,343,multihop-dns-outage,multihop-wan,adaptive,20261016,client-1,app-1,api,DNS_FAILURE,dns-1,DNS_FAILURE,0.876636,dns-1,strong,1,1,1,0,confident,4,4.402754999773606,2026-10-09T13:50:10.868261+00:00
exp-775f96f441c4,387,multihop-dns-outage,multihop-wan,adaptive,20261017,client-1,app-1,api,DNS_FAILURE,dns-1,DNS_FAILURE,0.876636,dns-1,strong,1,1,1,0,confident,4,4.178008000053524,2026-10-09T13:50:11.108057+00:00
exp-775f96f441c4,431,multihop-dns-outage,multihop-wan,adaptive,20261018,client-1,app-1,api,DNS_FAILURE,dns-1,DNS_FAILURE,0.876636,dns-1,strong,1,1,1,0,confident,4,3.9113409998208226,2026-10-09T13:50:11.336393+00:00
exp-775f96f441c4,37,multihop-latency-wan,multihop-wan,adaptive,20261009,client-1,app-1,api,HIGH_LATENCY,l-core-branch,HIGH_LATENCY,0.891741,,none,1,1,,0,confident,5,4.636357999970642,2026-10-09T13:50:09.258821+00:00
exp-775f96f441c4,81,multihop-latency-wan,multihop-wan,adaptive,20261010,client-1,app-1,api,HIGH_LATENCY,l-core-branch,HIGH_LATENCY,0.891741,,none,1,1,,0,confident,5,5.365181999877677,2026-10-09T13:50:09.484705+00:00
exp-775f96f441c4,125,multihop-latency-wan,multihop-wan,adaptive,20261011,client-1,app-1,api,HIGH_LATENCY,l-core-branch,HIGH_LATENCY,0.891741,,none,1,1,,0,confident,5,4.952098000103433,2026-10-09T13:50:09.709805+00:00
exp-775f96f441c4,169,multihop-latency-wan,multihop-wan,adaptive,20261012,client-1,app-1,api,HIGH_LATENCY,l-core-branch,HIGH_LATENCY,0.891741,,none,1,1,,0,confident,5,4.610930000126245,2026-10-09T13:50:09.938485+00:00
exp-775f96f441c4,213,multihop-latency-wan,multihop-wan,adaptive,20261013,client-1,app-1,api,HIGH_LATENCY,l-core-branch,HIGH_LATENCY,0.891741,,none,1,1,,0,confident,5,5.17333800007691,2026-10-09T13:50:10.171053+00:00
exp-775f96f441c4,257,multihop-latency-wan,multihop-wan,adaptive,20261014,client-1,app-1,api,HIGH_LATENCY,l-core-branch,HIGH_LATENCY,0.891741,,none,1,1,,0,confident,5,4.616640000222105,2026-10-09T13:50:10.404213+00:00
exp-775f96f441c4,301,multihop-latency-wan,multihop-wan,adaptive,20261015,client-1,app-1,api,HIGH_LATENCY,l-core-branch,HIGH_LATENCY,0.891741,,none,1,1,,0,confident,5,4.836608999994496,2026-10-09T13:50:10.644283+00:00
exp-775f96f441c4,345,multihop-latency-wan,multihop-wan,adaptive,20261016,client-1,app-1,api,HIGH_LATENCY,l-core-branch,HIGH_LATENCY,0.891741,,none,1,1,,0,confident,5,5.811490999803937,2026-10-09T13:50:10.881029+00:00
exp-775f96f441c4,389,multihop-latency-wan,multihop-wan,adaptive,20261017,client-1,app-1,api,HIGH_LATENCY,l-core-branch,HIGH_LATENCY,0.891741,,none,1,1,,0,confident,5,4.705490000105783,2026-10-09T13:50:11.118761+00:00
exp-775f96f441c4,433,multihop-latency-wan,multihop-wan,adaptive,20261018,client-1,app-1,api,HIGH_LATENCY,l-core-branch,HIGH_LATENCY,0.891741,,none,1,1,,0,confident,5,5.619535999812797,2026-10-09T13:50:11.347121+00:00
exp-775f96f441c4,31,multihop-link-down-core-branch,multihop-wan,adaptive,20261009,client-1,app-1,api,LINK_DOWN,l-core-branch,LINK_FAILURE,0.810667,l-core-branch,strong,1,1,1,0,confident,5,4.919365000205289,2026-10-09T13:50:09.227713+00:00
exp-775f96f441c4,75,multihop-link-down-core-branch,multihop-wan,adaptive,20261010,client-1,app-1,api,LINK_DOWN,l-core-branch,LINK_FAILURE,0.810667,l-core-branch,strong,1,1,1,0,confident,5,4.759452000143938,2026-10-09T13:50:09.452741+00:00
exp-775f96f441c4,119,multihop-link-down-core-branch,multihop-wan,adaptive,20261011,client-1,app-1,api,LINK_DOWN,l-core-branch,LINK_FAILURE,0.810667,l-core-branch,strong,1,1,1,0,confident,5,6.5291939999951865,2026-10-09T13:50:09.676797+00:00
exp-775f96f441c4,163,multihop-link-down-core-branch,multihop-wan,adaptive,20261012,client-1,app-1,api,LINK_DOWN,l-core-branch,LINK_FAILURE,0.810667,l-core-branch,strong,1,1,1,0,confident,5,5.303565999838611,2026-10-09T13:50:09.906679+00:00
exp-775f96f441c4,207,multihop-link-down-core-branch,multihop-wan,adaptive,20261013,client-1,app-1,api,LINK_DOWN,l-core-branch,LINK_FAILURE,0.810667,l-core-branch,strong,1,1,1,0,confident,5,4.949021999891556,2026-10-09T13:50:10.137212+00:00
exp-775f96f441c4,251,multihop-link-down-core-branch,multihop-wan,adaptive,20261014,client-1,app-1,api,LINK_DOWN,l-core-branch,LINK_FAILURE,0.810667,l-core-branch,strong,1,1,1,0,confident,5,5.559793000429636,2026-10-09T13:50:10.372540+00:00
exp-775f96f441c4,295,multihop-link-down-core-branch,multihop-wan,adaptive,20261015,client-1,app-1,api,LINK_DOWN,l-core-branch,LINK_FAILURE,0.810667,l-core-branch,strong,1,1,1,0,confident,5,4.965743999946426,2026-10-09T13:50:10.611087+00:00
exp-775f96f441c4,339,multihop-link-down-core-branch,multihop-wan,adaptive,20261016,client-1,app-1,api,LINK_DOWN,l-core-branch,LINK_FAILURE,0.810667,l-core-branch,strong,1,1,1,0,confident,5,5.839042999923549,2026-10-09T13:50:10.845669+00:00
exp-775f96f441c4,383,multihop-link-down-core-branch,multihop-wan,adaptive,20261017,client-1,app-1,api,LINK_DOWN,l-core-branch,LINK_FAILURE,0.810667,l-core-branch,strong,1,1,1,0,confident,5,5.4948689999037015,2026-10-09T13:50:11.087106+00:00
exp-775f96f441c4,427,multihop-link-down-core-branch,multihop-wan,adaptive,20261018,client-1,app-1,api,LINK_DOWN,l-core-branch,LINK_FAILURE,0.810667,l-core-branch,strong,1,1,1,0,confident,5,6.228944000213232,2026-10-09T13:50:11.315143+00:00
exp-775f96f441c4,39,multihop-mtu-edge-core,multihop-wan,adaptive,20261009,client-1,app-1,api,MTU_BLACK_HOLE,l-edge-core,MTU_BLACK_HOLE,0.962237,l-edge-core,strong,1,1,1,0,confident,4,4.534595000222907,2026-10-09T13:50:09.268890+00:00
exp-775f96f441c4,83,multihop-mtu-edge-core,multihop-wan,adaptive,20261010,client-1,app-1,api,MTU_BLACK_HOLE,l-edge-core,MTU_BLACK_HOLE,0.962237,l-edge-core,strong,1,1,1,0,confident,4,4.392455000015616,2026-10-09T13:50:09.494526+00:00
exp-775f96f441c4,127,multihop-mtu-edge-core,multihop-wan,adaptive,20261011,client-1,app-1,api,MTU_BLACK_HOLE,l-edge-core,MTU_BLACK_HOLE,0.962237,l-edge-core,strong,1,1,1,0,confident,4,3.9295649999075977,2026-10-09T13:50:09.719905+00:00
exp-775f96f441c4,171,multihop-mtu-edge-core,multihop-wan,adaptive,20261012,client-1,app-1,api,MTU_BLACK_HOLE,l-edge-core,MTU_BLACK_HOLE,0.962237,l-edge-core,strong,1,1,1,0,confident,4,4.139414000292163,2026-10-09T13:50:09.948235+00:00
exp-775f96f441c4,215,multihop-mtu-edge-core,multihop-wan,adaptive,20261013,client-1,app-1,api,MTU_BLACK_HOLE,l-edge-core,MTU_BLACK_HOLE,0.962237,l-edge-core,strong,1,1,1,0,confident,4,4.500280000229395,2026-10-09T13:50:10.181973+00:00
exp-775f96f441c4,259,multihop-mtu-edge-core,multihop-wan,adaptive,20261014,client-1,app-1,api,MTU_BLACK_HOLE,l-edge-core,MTU_BLACK_HOLE,0.962237,l-edge-core,strong,1,1,1,0,confident,4,4.417472000113776,2026-10-09T13:50:10.414141+00:00
exp-775f96f441c4,303,multihop-mtu-edge-core,multihop-wan,adaptive,20261015,client-1,app-1,api,MTU_BLACK_HOLE,l-edge-core,MTU_BLACK_HOLE,0.962237,l-edge-core,strong,1,1,1,0,confident,4,4.46422100003474,2026-10-09T13:50:10.655056+00:00
exp-775f96f441c4,347,multihop-mtu-edge-core,multihop-wan,adaptive,20261016,client-1,app-1,api,MTU_BLACK_HOLE,l-edge-core,MTU_BLACK_HOLE,0.962237,l-edge-core,strong,1,1,1,0,confident,4,5.404157000157284,2026-10-09T13:50:10.892410+00:00
exp-775f96f441c4,391,multihop-mtu-edge-core,multihop-wan,adaptive,20261017,client-1,app-1,api,MTU_BLACK_HOLE,l-edge-core,MTU_BLACK_HOLE,0.962237,l-edge-core,strong,1,1,1,0,confident,4,4.597012999965955,2026-10-09T13:50:11.130033+00:00
exp-775f96f441c4,435,multihop-mtu-edge-core,multihop-wan,adaptive,20261018,client-1,app-1,api,MTU_BLACK_HOLE,l-edge-core,MTU_BLACK_HOLE,0.962237,l-edge-core,strong,1,1,1,0,confident,4,4.011390999949072,2026-10-09T13:50:11.356710+00:00
exp-775f96f441c4,29,multihop-nofault-api,multihop-wan,adaptive,20261009,client-1,app-1,api,,,NO_FAULT_DETECTED,0.967778,,none,1,1,,0,confident,4,4.2758929998854,2026-10-09T13:50:09.217627+00:00
exp-775f96f441c4,73,multihop-nofault-api,multihop-wan,adaptive,20261010,client-1,app-1,api,,,NO_FAULT_DETECTED,0.967778,,none,1,1,,0,confident,4,4.409466999732103,2026-10-09T13:50:09.442467+00:00
exp-775f96f441c4,117,multihop-nofault-api,multihop-wan,adaptive,20261011,client-1,app-1,api,,,NO_FAULT_DETECTED,0.967778,,none,1,1,,0,confident,4,4.105600000002596,2026-10-09T13:50:09.664916+00:00
exp-775f96f441c4,161,multihop-nofault-api,multihop-wan,adaptive,20261012,client-1,app-1,api,,,NO_FAULT_DETECTED,0.967778,,none,1,1,,0,confident,4,4.598265999902651,2026-10-09T13:50:09.896101+00:00
exp-775f96f441c4,205,multihop-nofault-api,multihop-wan,adaptive,20261013,client-1,app-1,api,,,NO_FAULT_DETECTED,0.967778,,none,1,1,,0,confident,4,3.9868750000096043,2026-10-09T13:50:10.126658+00:00
exp-775f96f441c4,249,multihop-nofault-api,multihop-wan,adaptive,20261014,client-1,app-1,api,,,NO_FAULT_DETECTED,0.967778,,none,1,1,,0,confident,4,4.247679999934917,2026-10-09T13:50:10.361864+00:00
exp-775f96f441c4,293,multihop-nofault-api,multihop-wan,adaptive,20261015,client-1,app-1,api,,,NO_FAULT_DETECTED,0.967778,,none,1,1,,0,confident,4,5.376684999646386,2026-10-09T13:50:10.600149+00:00
exp-775f96f441c4,337,multihop-nofault-api,multihop-wan,adaptive,20261016,client-1,app-1,api,,,NO_FAULT_DETECTED,0.967778,,none,1,1,,0,confident,4,3.991553000105341,2026-10-09T13:50:10.834281+00:00
exp-775f96f441c4,381,multihop-nofault-api,multihop-wan,adaptive,20261017,client-1,app-1,api,,,NO_FAULT_DETECTED,0.967778,,none,1,1,,0,confident,4,4.683868000029179,2026-10-09T13:50:11.075747+00:00
exp-775f96f441c4,425,multihop-nofault-api,multihop-wan,adaptive,20261018,client-1,app-1,api,,,NO_FAULT_DETECTED,0.967778,,none,1,1,,0,confident,4,4.745215000184544,2026-10-09T13:50:11.303579+00:00
exp-775f96f441c4,41,multihop-port-blocked-admin,multihop-wan,adaptive,20261009,client-1,app-1,admin,TCP_PORT_BLOCKED,app-1:admin,TCP_FILTER_OR_PORT_FAILURE,0.839187,app-1:9090,strong,1,1,1,0,confident,4,3.9755630000399833,2026-10-09T13:50:09.278357+00:00
exp-775f96f441c4,85,multihop-port-blocked-admin,multihop-wan,adaptive,20261010,client-1,app-1,admin,TCP_PORT_BLOCKED,app-1:admin,TCP_FILTER_OR_PORT_FAILURE,0.839187,app-1:9090,strong,1,1,1,0,confident,4,3.891412000029959,2026-10-09T13:50:09.503946+00:00
exp-775f96f441c4,129,multihop-port-blocked-admin,multihop-wan,adaptive,20261011,client-1,app-1,admin,TCP_PORT_BLOCKED,app-1:admin,TCP_FILTER_OR_PORT_FAILURE,0.839187,app-1:9090,strong,1,1,1,0,confident,4,4.2253369997524715,2026-10-09T13:50:09.730199+00:00
exp-775f96f441c4,173,multihop-port-blocked-admin,multihop-wan,adaptive,20261012,client-1,app-1,admin,TCP_PORT_BLOCKED,app-1:admin,TCP_FILTER_OR_PORT_FAILURE,0.839187,app-1:9090,strong,1,1,1,0,confident,4,4.037359999983892,2026-10-09T13:50:09.957417+00:00
exp-775f96f441c4,217,multihop-port-blocked-admin,multihop-wan,adaptive,20261013,client-1,app-1,admin,TCP_PORT_BLOCKED,app-1:admin,TCP_FILTER_OR_PORT_FAILURE,0.839187,app-1:9090,strong,1,1,1,0,confident,4,4.132300000037503,2026-10-09T13:50:10.191877+00:00
exp-775f96f441c4,261,multihop-port-blocked-admin,multihop-wan,adaptive,20261014,client-1,app-1,admin,TCP_PORT_BLOCKED,app-1:admin,TCP_FILTER_OR_PORT_FAILURE,0.839187,app-1:9090,strong,1,1,1,0,confident,4,4.8660350003046915,2026-10-09T13:50:10.424543+00:00
exp-775f96f441c4,305,multihop-port-blocked-admin,multihop-wan,adaptive,20261015,client-1,app-1,admin,TCP_PORT_BLOCKED,app-1:admin,TCP_FILTER_OR_PORT_FAILURE,0.839187,app-1:9090,strong,1,1,1,0,confident,4,3.9806319996387174,2026-10-09T13:50:10.664518+00:00
exp-775f96f441c4,349,multihop-port-blocked-admin,multihop-wan,adaptive,20261016,client-1,app-1,admin,TCP_PORT_BLOCKED,app-1:admin,TCP_FILTER_OR_PORT_FAILURE,0.839187,app-1:9090,strong,1,1,1,0,confident,4,3.8333920001605293,2026-10-09T13:50:10.901675+00:00
exp-775f96f441c4,393,multihop-port-blocked-admin,multihop-wan,adaptive,20261017,client-1,app-1,admin,TCP_PORT_BLOCKED,app-1:admin,TCP_FILTER_OR_PORT_FAILURE,0.839187,app-1:9090,strong,1,1,1,0,confident,4,4.017030999875715,2026-10-09T13:50:11.139498+00:00
exp-775f96f441c4,437,multihop-port-blocked-admin,multihop-wan,adaptive,20261018,client-1,app-1,admin,TCP_PORT_BLOCKED,app-1:admin,TCP_FILTER_OR_PORT_FAILURE,0.839187,app-1:9090,strong,1,1,1,0,confident,4,4.913906000183488,2026-10-09T13:50:11.366655+00:00
exp-775f96f441c4,33,multihop-route-blackhole,multihop-wan,adaptive,20261009,client-1,app-1,api,ROUTE_BLACKHOLE,l-edge-core,ROUTING_FAILURE,0.822768,l-edge-core,strong,1,1,1,0,confident,5,4.829263999909017,2026-10-09T13:50:09.238781+00:00
exp-775f96f441c4,77,multihop-route-blackhole,multihop-wan,adaptive,20261010,client-1,app-1,api,ROUTE_BLACKHOLE,l-edge-core,ROUTING_FAILURE,0.822768,l-edge-core,strong,1,1,1,0,confident,5,5.321108999851276,2026-10-09T13:50:09.464215+00:00
exp-775f96f441c4,121,multihop-route-blackhole,multihop-wan,adaptive,20261011,client-1,app-1,api,ROUTE_BLACKHOLE,l-edge-core,ROUTING_FAILURE,0.822768,l-edge-core,strong,1,1,1,0,confident,5,5.909527000312664,2026-10-09T13:50:09.688763+00:00
exp-775f96f441c4,165,multihop-route-blackhole,multihop-wan,adaptive,20261012,client-1,app-1,api,ROUTE_BLACKHOLE,l-edge-core,ROUTING_FAILURE,0.822768,l-edge-core,strong,1,1,1,0,confident,5,4.716970999652403,2026-10-09T13:50:09.918264+00:00
exp-775f96f441c4,209,multihop-route-blackhole,multihop-wan,adaptive,20261013,client-1,app-1,api,ROUTE_BLACKHOLE,l-edge-core,ROUTING_FAILURE,0.822768,l-edge-core,strong,1,1,1,0,confident,5,5.086923999897408,2026-10-09T13:50:10.150182+00:00
exp-775f96f441c4,253,multihop-route-blackhole,multihop-wan,adaptive,20261014,client-1,app-1,api,ROUTE_BLACKHOLE,l-edge-core,ROUTING_FAILURE,0.822768,l-edge-core,strong,1,1,1,0,confident,5,4.653309999866906,2026-10-09T13:50:10.383593+00:00
exp-775f96f441c4,297,multihop-route-blackhole,multihop-wan,adaptive,20261015,client-1,app-1,api,ROUTE_BLACKHOLE,l-edge-core,ROUTING_FAILURE,0.822768,l-edge-core,strong,1,1,1,0,confident,5,5.362787999729335,2026-10-09T13:50:10.623532+00:00
exp-775f96f441c4,341,multihop-route-blackhole,multihop-wan,adaptive,20261016,client-1,app-1,api,ROUTE_BLACKHOLE,l-edge-core,ROUTING_FAILURE,0.822768,l-edge-core,strong,1,1,1,0,confident,5,5.161216000033164,2026-10-09T13:50:10.857154+00:00
exp-775f96f441c4,385,multihop-route-blackhole,multihop-wan,adaptive,20261017,client-1,app-1,api,ROUTE_BLACKHOLE,l-edge-core,ROUTING_FAILURE,0.822768,l-edge-core,strong,1,1,1,0,confident,5,4.839413999889075,2026-10-09T13:50:11.097945+00:00
exp-775f96f441c4,429,multihop-route-blackhole,multihop-wan,adaptive,20261018,client-1,app-1,api,ROUTE_BLACKHOLE,l-edge-core,ROUTING_FAILURE,0.822768,l-edge-core,strong,1,1,1,0,confident,5,5.005330000130925,2026-10-09T13:50:11.326103+00:00
exp-775f96f441c4,43,multihop-service-down-api,multihop-wan,adaptive,20261009,client-1,app-1,api,SERVICE_DOWN,app-1:api,APPLICATION_SERVICE_FAILURE,0.909433,app-1:8080,strong,1,1,1,0,confident,2,2.1608850001939572,2026-10-09T13:50:09.285919+00:00
exp-775f96f441c4,87,multihop-service-down-api,multihop-wan,adaptive,20261010,client-1,app-1,api,SERVICE_DOWN,app-1:api,APPLICATION_SERVICE_FAILURE,0.909433,app-1:8080,strong,1,1,1,0,confident,2,2.767117000075814,2026-10-09T13:50:09.512162+00:00
exp-775f96f441c4,131,multihop-service-down-api,multihop-wan,adaptive,20261011,client-1,app-1,api,SERVICE_DOWN,app-1:api,APPLICATION_SERVICE_FAILURE,0.909433,app-1:8080,strong,1,1,1,0,confident,2,2.6787689998855058,2026-10-09T13:50:09.738850+00:00
exp-775f96f441c4,175,multihop-service-down-api,multihop-wan,adaptive,20261012,client-1,app-1,api,SERVICE_DOWN,app-1:api,APPLICATION_SERVICE_FAILURE,0.909433,app-1:8080,strong,1,1,1,0,confident,2,2.563750999797776,2026-10-09T13:50:09.966297+00:00
exp-775f96f441c4,219,multihop-service-down-api,multihop-wan,adaptive,20261013,client-1,app-1,api,SERVICE_DOWN,app-1:api,APPLICATION_SERVICE_FAILURE,0.909433,app-1:8080,strong,1,1,1,0,confident,2,3.3187149997502274,2026-10-09T13:50:10.200922+00:00
exp-775f96f441c4,263,multihop-service-down-api,multihop-wan,adaptive,20261014,client-1,app-1,api,SERVICE_DOWN,app-1:api,APPLICATION_SERVICE_FAILURE,0.909433,app-1:8080,strong,1,1,1,0,confident,2,2.602925000246614,2026-10-09T13:50:10.433472+00:00
exp-775f96f441c4,307,multihop-service-down-api,multihop-wan,adaptive,20261015,client-1,app-1,api,SERVICE_DOWN,app-1:api,APPLICATION_SERVICE_FAILURE,0.909433,app-1:8080,strong,1,1,1,0,confident,2,3.367127000274195,2026-10-09T13:50:10.674153+00:00
exp-775f96f441c4,351,multihop-service-down-api,multihop-wan,adaptive,20261016,client-1,app-1,api,SERVICE_DOWN,app-1:api,APPLICATION_SERVICE_FAILURE,0.909433,app-1:8080,strong,1,1,1,0,confident,2,2.3850119996495778,2026-10-09T13:50:10.910778+00:00
exp-775f96f441c4,395,multihop-service-down-api,multihop-wan,adaptive,20261017,client-1,app-1,api,SERVICE_DOWN,app-1:api,APPLICATION_SERVICE_FAILURE,0.909433,app-1:8080,strong,1,1,1,0,confident,2,2.36430199993265,2026-10-09T13:50:11.147949+00:00
exp-775f96f441c4,439,multihop-service-down-api,multihop-wan,adaptive,20261018,client-1,app-1,api,SERVICE_DOWN,app-1:api,APPLICATION_SERVICE_FAILURE,0.909433,app-1:8080,strong,1,1,1,0,confident,2,2.48546200009514,2026-10-09T13:50:11.375734+00:00
exp-775f96f441c4,10,campus-dns-outage,campus-basic,baseline,20261009,client-1,web-1,web,DNS_FAILURE,dns-1,DNS_FAILURE,0.847915,dns-1,strong,1,1,1,0,confident,6,1.9350570000824519,2026-10-09T13:50:09.121219+00:00
exp-775f96f441c4,54,campus-dns-outage,campus-basic,baseline,20261010,client-1,web-1,web,DNS_FAILURE,dns-1,DNS_FAILURE,0.847915,dns-1,strong,1,1,1,0,confident,6,1.6321009998137015,2026-10-09T13:50:09.343071+00:00
exp-775f96f441c4,98,campus-dns-outage,campus-basic,baseline,20261011,client-1,web-1,web,DNS_FAILURE,dns-1,DNS_FAILURE,0.847915,dns-1,strong,1,1,1,0,confident,6,1.866445999894495,2026-10-09T13:50:09.569966+00:00
exp-775f96f441c4,142,campus-dns-outage,campus-basic,baseline,20261012,client-1,web-1,web,DNS_FAILURE,dns-1,DNS_FAILURE,0.847915,dns-1,strong,1,1,1,0,confident,6,1.9156589996782714,2026-10-09T13:50:09.798928+00:00
exp-775f96f441c4,186,campus-dns-outage,campus-basic,baseline,20261013,client-1,web-1,web,DNS_FAILURE,dns-1,DNS_FAILURE,0.847915,dns-1,strong,1,1,1,0,confident,6,1.4915840001776814,2026-10-09T13:50:10.025878+00:00
exp-775f96f441c4,230,campus-dns-outage,campus-basic,baseline,20261014,client-1,web-1,web,DNS_FAILURE,dns-1,DNS_FAILURE,0.847915,dns-1,strong,1,1,1,0,confident,6,1.6460370002278069,2026-10-09T13:50:10.261319+00:00
exp-775f96f441c4,274,campus-dns-outage,campus-basic,baseline,20261015,client-1,web-1,web,DNS_FAILURE,dns-1,DNS_FAILURE,0.847915,dns-1,strong,1,1,1,0,confident,6,2.342921000035858,2026-10-09T13:50:10.495981+00:00
exp-775f96f441c4,318,campus-dns-outage,campus-basic,baseline,20261016,client-1,web-1,web,DNS_FAILURE,dns-1,DNS_FAILURE,0.847915,dns-1,strong,1,1,1,0,confident,6,1.7822360000536719,2026-10-09T13:50:10.736875+00:00
exp-775f96f441c4,362,campus-dns-outage,campus-basic,baseline,20261017,client-1,web-1,web,DNS_FAILURE,dns-1,DNS_FAILURE,0.847915,dns-1,strong,1,1,1,0,confident,6,1.9780080001510214,2026-10-09T13:50:10.970319+00:00
exp-775f96f441c4,406,campus-dns-outage,campus-basic,baseline,20261018,client-1,web-1,web,DNS_FAILURE,dns-1,DNS_FAILURE,0.847915,dns-1,strong,1,1,1,0,confident,6,1.9934070000999782,2026-10-09T13:50:11.206705+00:00
exp-775f96f441c4,28,campus-gateway-unreachable,campus-basic,baseline,20261009,client-1,web-1,web,GATEWAY_UNREACHABLE,l-client1-access,LINK_FAILURE,0.85043,l-client1-access,moderate,1,1,1,0,confident,3,0.9563570001773769,2026-10-09T13:50:09.211658+00:00
exp-775f96f441c4,72,campus-gateway-unreachable,campus-basic,baseline,20261010,client-1,web-1,web,GATEWAY_UNREACHABLE,l-client1-access,LINK_FAILURE,0.85043,l-client1-access,moderate,1,1,1,0,confident,3,0.8388330002162547,2026-10-09T13:50:09.436211+00:00
exp-775f96f441c4,116,campus-gateway-unreachable,campus-basic,baseline,20261011,client-1,web-1,web,GATEWAY_UNREACHABLE,l-client1-access,LINK_FAILURE,0.85043,l-client1-access,moderate,1,1,1,0,confident,3,1.3338640001165913,2026-10-09T13:50:09.659060+00:00
exp-775f96f441c4,160,campus-gateway-unreachable,campus-basic,baseline,20261012,client-1,web-1,web,GATEWAY_UNREACHABLE,l-client1-access,LINK_FAILURE,0.85043,l-client1-access,moderate,1,1,1,0,confident,3,0.8598640001764579,2026-10-09T13:50:09.889667+00:00
exp-775f96f441c4,204,campus-gateway-unreachable,campus-basic,baseline,20261013,client-1,web-1,web,GATEWAY_UNREACHABLE,l-client1-access,LINK_FAILURE,0.85043,l-client1-access,moderate,1,1,1,0,confident,3,0.8671579998917878,2026-10-09T13:50:10.120894+00:00
exp-775f96f441c4,248,campus-gateway-unreachable,campus-basic,baseline,20261014,client-1,web-1,web,GATEWAY_UNREACHABLE,l-client1-access,LINK_FAILURE,0.85043,l-client1-access,moderate,1,1,1,0,confident,3,1.492465999945125,2026-10-09T13:50:10.355532+00:00
exp-775f96f441c4,292,campus-gateway-unreachable,campus-basic,baseline,20261015,client-1,web-1,web,GATEWAY_UNREACHABLE,l-client1-access,LINK_FAILURE,0.85043,l-client1-access,moderate,1,1,1,0,confident,3,0.8385930000258668,2026-10-09T13:50:10.592937+00:00
exp-775f96f441c4,336,campus-gateway-unreachable,campus-basic,baseline,20261016,client-1,web-1,web,GATEWAY_UNREACHABLE,l-client1-access,LINK_FAILURE,0.85043,l-client1-access,moderate,1,1,1,0,confident,3,0.9117829999922833,2026-10-09T13:50:10.828494+00:00
exp-775f96f441c4,380,campus-gateway-unreachable,campus-basic,baseline,20261017,client-1,web-1,web,GATEWAY_UNREACHABLE,l-client1-access,LINK_FAILURE,0.85043,l-client1-access,moderate,1,1,1,0,confident,3,1.0735199998634926,2026-10-09T13:50:11.069213+00:00
exp-775f96f441c4,424,campus-gateway-unreachable,campus-basic,baseline,20261018,client-1,web-1,web,GATEWAY_UNREACHABLE,l-client1-access,LINK_FAILURE,0.85043,l-client1-access,moderate,1,1,1,0,confident,3,1.1366289995748957,2026-10-09T13:50:11.296894+00:00
exp-775f96f441c4,16,campus-high-latency,campus-basic,baseline,20261009,client-1,web-1,web,HIGH_LATENCY,l-access-campus,HIGH_LATENCY,0.814501,,none,1,1,,0,confident,7,2.5394240001332946,2026-10-09T13:50:09.155864+00:00
exp-775f96f441c4,60,campus-high-latency,campus-basic,baseline,20261010,client-1,web-1,web,HIGH_LATENCY,l-access-campus,HIGH_LATENCY,0.814501,,none,1,1,,0,confident,7,2.812222000102338,2026-10-09T13:50:09.378248+00:00
exp-775f96f441c4,104,campus-high-latency,campus-basic,baseline,20261011,client-1,web-1,web,HIGH_LATENCY,l-access-campus,HIGH_LATENCY,0.814501,,none,1,1,,0,confident,7,2.242569999907573,2026-10-09T13:50:09.604700+00:00
exp-775f96f441c4,148,campus-high-latency,campus-basic,baseline,20261012,client-1,web-1,web,HIGH_LATENCY,l-access-campus,HIGH_LATENCY,0.814501,,none,1,1,,0,confident,7,1.8417490000501857,2026-10-09T13:50:09.834200+00:00
exp-775f96f441c4,192,campus-high-latency,campus-basic,baseline,20261013,client-1,web-1,web,HIGH_LATENCY,l-access-campus,HIGH_LATENCY,0.814501,,none,1,1,,0,confident,7,1.9067820003328961,2026-10-09T13:50:10.063708+00:00
exp-775f96f441c4,236,campus-high-latency,campus-basic,baseline,20261014,client-1,web-1,web,HIGH_LATENCY,l-access-campus,HIGH_LATENCY,0.814501,,none,1,1,,0,confident,7,1.9720969999070803,2026-10-09T13:50:10.296767+00:00
exp-775f96f441c4,280,campus-high-latency,campus-basic,baseline,20261015,client-1,web-1,web,HIGH_LATENCY,l-access-campus,HIGH_LATENCY,0.814501,,none,1,1,,0,confident,7,2.459853000345902,2026-10-09T13:50:10.533945+00:00
exp-775f96f441c4,324,campus-high-latency,campus-basic,baseline,20261016,client-1,web-1,web,HIGH_LATENCY,l-access-campus,HIGH_LATENCY,0.814501,,none,1,1,,0,confident,7,2.1906919996581564,2026-10-09T13:50:10.772736+00:00
exp-775f96f441c4,368,campus-high-latency,campus-basic,baseline,20261017,client-1,web-1,web,HIGH_LATENCY,l-access-campus,HIGH_LATENCY,0.814501,,none,1,1,,0,confident,7,1.8328920000385551,2026-10-09T13:50:11.006667+00:00
exp-775f96f441c4,412,campus-high-latency,campus-basic,baseline,20261018,client-1,web-1,web,HIGH_LATENCY,l-access-campus,HIGH_LATENCY,0.814501,,none,1,1,,0,confident,7,1.9720660002349177,2026-10-09T13:50:11.242331+00:00
exp-775f96f441c4,6,campus-link-down-far,campus-basic,baseline,20261009,client-1,web-1,web,LINK_DOWN,l-campus-edge,ROUTING_FAILURE,0.669625,l-campus-edge,strong,0,1,1,1,budget_exhausted,8,2.4958909998531453,2026-10-09T13:50:09.100185+00:00
exp-775f96f441c4,50,campus-link-down-far,campus-basic,baseline,20261010,client-1,web-1,web,LINK_DOWN,l-campus-edge,ROUTING_FAILURE,0.669625,l-campus-edge,strong,0,1,1,1,budget_exhausted,8,2.656666999882873,2026-10-09T13:50:09.322614+00:00
exp-775f96f441c4,94,campus-link-down-far,campus-basic,baseline,20261011,client-1,web-1,web,LINK_DOWN,l-campus-edge,ROUTING_FAILURE,0.669625,l-campus-edge,strong,0,1,1,1,budget_exhausted,8,2.8769760001523537,2026-10-09T13:50:09.548495+00:00
exp-775f96f441c4,138,campus-link-down-far,campus-basic,baseline,20261012,client-1,web-1,web,LINK_DOWN,l-campus-edge,ROUTING_FAILURE,0.669625,l-campus-edge,strong,0,1,1,1,budget_exhausted,8,2.6288140002179716,2026-10-09T13:50:09.777296+00:00
exp-775f96f441c4,182,campus-link-down-far,campus-basic,baseline,20261013,client-1,web-1,web,LINK_DOWN,l-campus-edge,ROUTING_FAILURE,0.669625,l-campus-edge,strong,0,1,1,1,budget_exhausted,8,3.0527700000675395,2026-10-09T13:50:10.005305+00:00
exp-775f96f441c4,226,campus-link-down-far,campus-basic,baseline,20261014,client-1,web-1,web,LINK_DOWN,l-campus-edge,ROUTING_FAILURE,0.669625,l-campus-edge,strong,0,1,1,1,budget_exhausted,8,3.6230230002729513,2026-10-09T13:50:10.239821+00:00
exp-775f96f441c4,270,campus-link-down-far,campus-basic,baseline,20261015,client-1,web-1,web,LINK_DOWN,l-campus-edge,ROUTING_FAILURE,0.669625,l-campus-edge,strong,0,1,1,1,budget_exhausted,8,3.4279320002497116,2026-10-09T13:50:10.473626+00:00
exp-775f96f441c4,314,campus-link-down-far,campus-basic,baseline,20261016,client-1,web-1,web,LINK_DOWN,l-campus-edge,ROUTING_FAILURE,0.669625,l-campus-edge,strong,0,1,1,1,budget_exhausted,8,2.7573489996939315,2026-10-09T13:50:10.713968+00:00
exp-775f96f441c4,358,campus-link-down-far,campus-basic,baseline,20261017,client-1,web-1,web,LINK_DOWN,l-campus-edge,ROUTING_FAILURE,0.669625,l-campus-edge,strong,0,1,1,1,budget_exhausted,8,2.7372199997444113,2026-10-09T13:50:10.948688+00:00
exp-775f96f441c4,402,campus-link-down-far,campus-basic,baseline,20261018,client-1,web-1,web,LINK_DOWN,l-campus-edge,ROUTING_FAILURE,0.669625,l-campus-edge,strong,0,1,1,1,budget_exhausted,8,2.423134000309801,2026-10-09T13:50:11.185661+00:00
exp-775f96f441c4,4,campus-link-down-near,campus-basic,baseline,20261009,client-1,web-1,web,LINK_DOWN,l-access-campus,ROUTING_FAILURE,0.669625,l-access-campus,strong,0,1,1,1,budget_exhausted,8,2.8310679999776767,2026-10-09T13:50:09.088118+00:00
exp-775f96f441c4,48,campus-link-down-near,campus-basic,baseline,20261010,client-1,web-1,web,LINK_DOWN,l-access-campus,ROUTING_FAILURE,0.669625,l-access-campus,strong,0,1,1,1,budget_exhausted,8,2.6068520000990247,2026-10-09T13:50:09.311337+00:00
exp-775f96f441c4,92,campus-link-down-near,campus-basic,baseline,20261011,client-1,web-1,web,LINK_DOWN,l-access-campus,ROUTING_FAILURE,0.669625,l-access-campus,strong,0,1,1,1,budget_exhausted,8,2.786123000078078,2026-10-09T13:50:09.536914+00:00
exp-775f96f441c4,136,campus-link-down-near,campus-basic,baseline,20261012,client-1,web-1,web,LINK_DOWN,l-access-campus,ROUTING_FAILURE,0.669625,l-access-campus,strong,0,1,1,1,budget_exhausted,8,2.393105999999534,2026-10-09T13:50:09.765323+00:00
exp-775f96f441c4,180,campus-link-down-near,campus-basic,baseline,20261013,client-1,web-1,web,LINK_DOWN,l-access-campus,ROUTING_FAILURE,0.669625,l-access-campus,strong,0,1,1,1,budget_exhausted,8,2.814938000028633,2026-10-09T13:50:09.991758+00:00
exp-775f96f441c4,224,campus-link-down-near,campus-basic,baseline,20261014,client-1,web-1,web,LINK_DOWN,l-access-campus,ROUTING_FAILURE,0.669625,l-access-campus,strong,0,1,1,1,budget_exhausted,8,2.48559200008458,2026-10-09T13:50:10.227619+00:00
exp-775f96f441c4,268,campus-link-down-near,campus-basic,baseline,20261015,client-1,web-1,web,LINK_DOWN,l-access-campus,ROUTING_FAILURE,0.669625,l-access-campus,strong,0,1,1,1,budget_exhausted,8,3.5516580001058173,2026-10-09T13:50:10.460961+00:00
exp-775f96f441c4,312,campus-link-down-near,campus-basic,baseline,20261016,client-1,web-1,web,LINK_DOWN,l-access-campus,ROUTING_FAILURE,0.669625,l-access-campus,strong,0,1,1,1,budget_exhausted,8,3.0564869998670474,2026-10-09T13:50:10.701519+00:00
exp-775f96f441c4,356,campus-link-down-near,campus-basic,baseline,20261017,client-1,web-1,web,LINK_DOWN,l-access-campus,ROUTING_FAILURE,0.669625,l-access-campus,strong,0,1,1,1,budget_exhausted,8,3.0102790001365065,2026-10-09T13:50:10.937164+00:00
exp-775f96f441c4,400,campus-link-down-near,campus-basic,baseline,20261018,client-1,web-1,web,LINK_DOWN,l-access-campus,ROUTING_FAILURE,0.669625,l-access-campus,strong,0,1,1,1,budget_exhausted,8,2.9378209997048543,2026-10-09T13:50:11.174004+00:00
exp-775f96f441c4,20,campus-mtu-1000-db,campus-basic,baseline,20261009,client-1,db-1,postgres,MTU_BLACK_HOLE,l-campus-edge,NO_FAULT_DETECTED,0.929429,,none,0,1,,0,confident,6,1.6304279997712001,2026-10-09T13:50:09.176302+00:00
exp-775f96f441c4,64,campus-mtu-1000-db,campus-basic,baseline,20261010,client-1,db-1,postgres,MTU_BLACK_HOLE,l-campus-edge,NO_FAULT_DETECTED,0.929429,,none,0,1,,0,confident,6,1.567687999795453,2026-10-09T13:50:09.398132+00:00
exp-775f96f441c4,108,campus-mtu-1000-db,campus-basic,baseline,20261011,client-1,db-1,postgres,MTU_BLACK_HOLE,l-campus-edge,NO_FAULT_DETECTED,0.929429,,none,0,1,,0,confident,6,1.5998189996935253,2026-10-09T13:50:09.624153+00:00
exp-775f96f441c4,152,campus-mtu-1000-db,campus-basic,baseline,20261012,client-1,db-1,postgres,MTU_BLACK_HOLE,l-campus-edge,NO_FAULT_DETECTED,0.929429,,none,0,1,,0,confident,6,2.5320499998997548,2026-10-09T13:50:09.854941+00:00
exp-775f96f441c4,196,campus-mtu-1000-db,campus-basic,baseline,20261013,client-1,db-1,postgres,MTU_BLACK_HOLE,l-campus-edge,NO_FAULT_DETECTED,0.929429,,none,0,1,,0,confident,6,2.190011000038794,2026-10-09T13:50:10.085285+00:00
exp-775f96f441c4,240,campus-mtu-1000-db,campus-basic,baseline,20261014,client-1,db-1,postgres,MTU_BLACK_HOLE,l-campus-edge,NO_FAULT_DETECTED,0.929429,,none,0,1,,0,confident,6,1.8789299997479247,2026-10-09T13:50:10.318299+00:00
exp-775f96f441c4,284,campus-mtu-1000-db,campus-basic,baseline,20261015,client-1,db-1,postgres,MTU_BLACK_HOLE,l-campus-edge,NO_FAULT_DETECTED,0.929429,,none,0,1,,0,confident,6,2.2402360000342014,2026-10-09T13:50:10.556189+00:00
exp-775f96f441c4,328,campus-mtu-1000-db,campus-basic,baseline,20261016,client-1,db-1,postgres,MTU_BLACK_HOLE,l-campus-edge,NO_FAULT_DETECTED,0.929429,,none,0,1,,0,confident,6,1.5600840001752658,2026-10-09T13:50:10.792917+00:00
exp-775f96f441c4,372,campus-mtu-1000-db,campus-basic,baseline,20261017,client-1,db-1,postgres,MTU_BLACK_HOLE,l-campus-edge,NO_FAULT_DETECTED,0.929429,,none,0,1,,0,confident,6,1.5069930000208842,2026-10-09T13:50:11.026954+00:00
exp-775f96f441c4,416,campus-mtu-1000-db,campus-basic,baseline,20261018,client-1,db-1,postgres,MTU_BLACK_HOLE,l-campus-edge,NO_FAULT_DETECTED,0.929429,,none,0,1,,0,confident,6,1.8092970003635855,2026-10-09T13:50:11.262092+00:00
exp-775f96f441c4,18,campus-mtu-576,campus-basic,baseline,20261009,client-1,web-1,web,MTU_BLACK_HOLE,l-access-campus,NO_FAULT_DETECTED,0.929429,,none,0,1,,0,confident,6,2.162579000014375,2026-10-09T13:50:09.166158+00:00
exp-775f96f441c4,62,campus-mtu-576,campus-basic,baseline,20261010,client-1,web-1,web,MTU_BLACK_HOLE,l-access-campus,NO_FAULT_DETECTED,0.929429,,none,0,1,,0,confident,6,1.5056099996400008,2026-10-09T13:50:09.387474+00:00
exp-775f96f441c4,106,campus-mtu-576,campus-basic,baseline,20261011,client-1,web-1,web,MTU_BLACK_HOLE,l-access-campus,NO_FAULT_DETECTED,0.929429,,none,0,1,,0,confident,6,1.734114000100817,2026-10-09T13:50:09.614824+00:00
exp-775f96f441c4,150,campus-mtu-576,campus-basic,baseline,20261012,client-1,web-1,web,MTU_BLACK_HOLE,l-access-campus,NO_FAULT_DETECTED,0.929429,,none,0,1,,0,confident,6,1.6960120001385803,2026-10-09T13:50:09.844668+00:00
exp-775f96f441c4,194,campus-mtu-576,campus-basic,baseline,20261013,client-1,web-1,web,MTU_BLACK_HOLE,l-access-campus,NO_FAULT_DETECTED,0.929429,,none,0,1,,0,confident,6,1.5369399998235167,2026-10-09T13:50:10.075186+00:00
exp-775f96f441c4,238,campus-mtu-576,campus-basic,baseline,20261014,client-1,web-1,web,MTU_BLACK_HOLE,l-access-campus,NO_FAULT_DETECTED,0.929429,,none,0,1,,0,confident,6,1.885321999907319,2026-10-09T13:50:10.307625+00:00
exp-775f96f441c4,282,campus-mtu-576,campus-basic,baseline,20261015,client-1,web-1,web,MTU_BLACK_HOLE,l-access-campus,NO_FAULT_DETECTED,0.929429,,none,0,1,,0,confident,6,2.4256480000985903,2026-10-09T13:50:10.545254+00:00
exp-775f96f441c4,326,campus-mtu-576,campus-basic,baseline,20261016,client-1,web-1,web,MTU_BLACK_HOLE,l-access-campus,NO_FAULT_DETECTED,0.929429,,none,0,1,,0,confident,6,1.6596929999650456,2026-10-09T13:50:10.782564+00:00
exp-775f96f441c4,370,campus-mtu-576,campus-basic,baseline,20261017,client-1,web-1,web,MTU_BLACK_HOLE,l-access-campus,NO_FAULT_DETECTED,0.929429,,none,0,1,,0,confident,6,1.6571290002502792,2026-10-09T13:50:11.016257+00:00
exp-775f96f441c4,414,campus-mtu-576,campus-basic,baseline,20261018,client-1,web-1,web,MTU_BLACK_HOLE,l-access-campus,NO_FAULT_DETECTED,0.929429,,none,0,1,,0,confident,6,1.525838999896223,2026-10-09T13:50:11.252174+00:00
exp-775f96f441c4,2,campus-nofault-web,campus-basic,baseline,20261009,client-1,web-1,web,,,NO_FAULT_DETECTED,0.929429,,none,1,1,,0,confident,6,1.7148279998764338,2026-10-09T13:50:09.075787+00:00
exp-775f96f441c4,46,campus-nofault-web,campus-basic,baseline,20261010,client-1,web-1,web,,,NO_FAULT_DETECTED,0.929429,,none,1,1,,0,confident,6,1.5687699997215532,2026-10-09T13:50:09.300082+00:00
exp-775f96f441c4,90,campus-nofault-web,campus-basic,baseline,20261011,client-1,web-1,web,,,NO_FAULT_DETECTED,0.929429,,none,1,1,,0,confident,6,1.5032060000521597,2026-10-09T13:50:09.525046+00:00
exp-775f96f441c4,134,campus-nofault-web,campus-basic,baseline,20261012,client-1,web-1,web,,,NO_FAULT_DETECTED,0.929429,,none,1,1,,0,confident,6,1.9132550000904303,2026-10-09T13:50:09.753403+00:00
exp-775f96f441c4,178,campus-nofault-web,campus-basic,baseline,20261013,client-1,web-1,web,,,NO_FAULT_DETECTED,0.929429,,none,1,1,,0,confident,6,1.7657049997978902,2026-10-09T13:50:09.979573+00:00
exp-775f96f441c4,222,campus-nofault-web,campus-basic,baseline,20261014,client-1,web-1,web,,,NO_FAULT_DETECTED,0.929429,,none,1,1,,0,confident,6,1.8059009998978581,2026-10-09T13:50:10.215310+00:00
exp-775f96f441c4,266,campus-nofault-web,campus-basic,baseline,20261015,client-1,web-1,web,,,NO_FAULT_DETECTED,0.929429,,none,1,1,,0,confident,6,1.5752229996905953,2026-10-09T13:50:10.448499+00:00
exp-775f96f441c4,310,campus-nofault-web,campus-basic,baseline,20261016,client-1,web-1,web,,,NO_FAULT_DETECTED,0.929429,,none,1,1,,0,confident,6,2.0352369997453934,2026-10-09T13:50:10.689256+00:00
exp-775f96f441c4,354,campus-nofault-web,campus-basic,baseline,20261017,client-1,web-1,web,,,NO_FAULT_DETECTED,0.929429,,none,1,1,,0,confident,6,1.9577389998630679,2026-10-09T13:50:10.924444+00:00
exp-775f96f441c4,398,campus-nofault-web,campus-basic,baseline,20261018,client-1,web-1,web,,,NO_FAULT_DETECTED,0.929429,,none,1,1,,0,confident,6,2.0047379998686665,2026-10-09T13:50:11.162084+00:00
exp-775f96f441c4,12,campus-packet-loss-moderate,campus-basic,baseline,20261009,client-1,web-1,web,PACKET_LOSS,l-access-campus,PACKET_LOSS,0.727287,,weak,1,1,,1,budget_exhausted,8,2.9052599998067308,2026-10-09T13:50:09.132851+00:00
exp-775f96f441c4,56,campus-packet-loss-moderate,campus-basic,baseline,20261010,client-1,web-1,web,PACKET_LOSS,l-access-campus,PACKET_LOSS,0.920345,,weak,1,1,,0,confident,8,2.3069130002113525,2026-10-09T13:50:09.355721+00:00
exp-775f96f441c4,100,campus-packet-loss-moderate,campus-basic,baseline,20261011,client-1,web-1,web,PACKET_LOSS,l-access-campus,PACKET_LOSS,0.928812,,weak,1,1,,0,confident,8,2.675202000318677,2026-10-09T13:50:09.581777+00:00
exp-775f96f441c4,144,campus-packet-loss-moderate,campus-basic,baseline,20261012,client-1,web-1,web,PACKET_LOSS,l-access-campus,PACKET_LOSS,0.796079,,weak,1,1,,1,budget_exhausted,8,2.395682000042143,2026-10-09T13:50:09.810817+00:00
exp-775f96f441c4,188,campus-packet-loss-moderate,campus-basic,baseline,20261013,client-1,web-1,web,PACKET_LOSS,l-access-campus,PACKET_LOSS,0.920345,,weak,1,1,,0,confident,8,2.530127000227367,2026-10-09T13:50:10.037780+00:00
exp-775f96f441c4,232,campus-packet-loss-moderate,campus-basic,baseline,20261014,client-1,web-1,web,PACKET_LOSS,l-access-campus,PACKET_LOSS,0.854223,,weak,1,1,,0,confident,7,2.51185200022519,2026-10-09T13:50:10.274246+00:00
exp-775f96f441c4,276,campus-packet-loss-moderate,campus-basic,baseline,20261015,client-1,web-1,web,PACKET_LOSS,l-access-campus,MTU_BLACK_HOLE,0.471663,l-client1-access,strong,0,1,0,1,budget_exhausted,8,2.300310000009631,2026-10-09T13:50:10.509188+00:00
exp-775f96f441c4,320,campus-packet-loss-moderate,campus-basic,baseline,20261016,client-1,web-1,web,PACKET_LOSS,l-access-campus,MTU_BLACK_HOLE,0.53124,l-client1-access,strong,0,1,0,1,budget_exhausted,8,2.083507999941503,2026-10-09T13:50:10.749681+00:00
exp-775f96f441c4,364,campus-packet-loss-moderate,campus-basic,baseline,20261017,client-1,web-1,web,PACKET_LOSS,l-access-campus,MTU_BLACK_HOLE,0.53124,l-client1-access,strong,0,1,0,1,budget_exhausted,8,2.1171419998609053,2026-10-09T13:50:10.983129+00:00
exp-775f96f441c4,408,campus-packet-loss-moderate,campus-basic,baseline,20261018,client-1,web-1,web,PACKET_LOSS,l-access-campus,PACKET_LOSS,0.713295,,weak,1,1,,1,budget_exhausted,8,2.5365289998262597,2026-10-09T13:50:11.218285+00:00
exp-775f96f441c4,14,campus-packet-loss-severe,campus-basic,baseline,20261009,client-1,web-1,web,PACKET_LOSS,l-edge-web,PACKET_LOSS,0.796079,,weak,1,1,,1,budget_exhausted,8,2.2832279996691796,2026-10-09T13:50:09.144467+00:00
exp-775f96f441c4,58,campus-packet-loss-severe,campus-basic,baseline,20261010,client-1,web-1,web,PACKET_LOSS,l-edge-web,PACKET_LOSS,0.796079,,weak,1,1,,1,budget_exhausted,8,2.041889999873092,2026-10-09T13:50:09.367265+00:00
exp-775f96f441c4,102,campus-packet-loss-severe,campus-basic,baseline,20261011,client-1,web-1,web,PACKET_LOSS,l-edge-web,PACKET_LOSS,0.928812,,weak,1,1,,0,confident,8,2.230607000001328,2026-10-09T13:50:09.593068+00:00
exp-775f96f441c4,146,campus-packet-loss-severe,campus-basic,baseline,20261012,client-1,web-1,web,PACKET_LOSS,l-edge-web,PACKET_LOSS,0.933428,,weak,1,1,,0,confident,8,2.693107000141026,2026-10-09T13:50:09.822892+00:00
exp-775f96f441c4,190,campus-packet-loss-severe,campus-basic,baseline,20261013,client-1,web-1,web,PACKET_LOSS,l-edge-web,PACKET_LOSS,0.928812,,weak,1,1,,0,confident,8,2.3211289999380824,2026-10-09T13:50:10.049527+00:00
exp-775f96f441c4,234,campus-packet-loss-severe,campus-basic,baseline,20261014,client-1,web-1,web,PACKET_LOSS,l-edge-web,PACKET_LOSS,0.796079,,weak,1,1,,1,budget_exhausted,8,2.270374000090669,2026-10-09T13:50:10.285625+00:00
exp-775f96f441c4,278,campus-packet-loss-severe,campus-basic,baseline,20261015,client-1,web-1,web,PACKET_LOSS,l-edge-web,PACKET_LOSS,0.928812,,weak,1,1,,0,confident,8,2.139614000043366,2026-10-09T13:50:10.521044+00:00
exp-775f96f441c4,322,campus-packet-loss-severe,campus-basic,baseline,20261016,client-1,web-1,web,PACKET_LOSS,l-edge-web,PACKET_LOSS,0.928812,,weak,1,1,,0,confident,8,2.2662149999632675,2026-10-09T13:50:10.760886+00:00
exp-775f96f441c4,366,campus-packet-loss-severe,campus-basic,baseline,20261017,client-1,web-1,web,PACKET_LOSS,l-edge-web,PACKET_LOSS,0.928812,,weak,1,1,,0,confident,8,2.6689100000112376,2026-10-09T13:50:10.994982+00:00
exp-775f96f441c4,410,campus-packet-loss-severe,campus-basic,baseline,20261018,client-1,web-1,web,PACKET_LOSS,l-edge-web,PACKET_LOSS,0.796079,,weak,1,1,,1,budget_exhausted,8,3.2452260002173716,2026-10-09T13:50:11.231052+00:00
exp-775f96f441c4,22,campus-port-blocked-web,campus-basic,baseline,20261009,client-1,web-1,web,TCP_PORT_BLOCKED,web-1:web,TCP_FILTER_OR_PORT_FAILURE,0.930701,web-1:80,strong,1,1,1,0,confident,8,2.45108600029198,2026-10-09T13:50:09.187318+00:00
exp-775f96f441c4,66,campus-port-blocked-web,campus-basic,baseline,20261010,client-1,web-1,web,TCP_PORT_BLOCKED,web-1:web,TCP_FILTER_OR_PORT_FAILURE,0.930701,web-1:80,strong,1,1,1,0,confident,8,2.6390130001345824,2026-10-09T13:50:09.410123+00:00
exp-775f96f441c4,110,campus-port-blocked-web,campus-basic,baseline,20261011,client-1,web-1,web,TCP_PORT_BLOCKED,web-1:web,TCP_FILTER_OR_PORT_FAILURE,0.930701,web-1:80,strong,1,1,1,0,confident,8,2.034554999681859,2026-10-09T13:50:09.633848+00:00
exp-775f96f441c4,154,campus-port-blocked-web,campus-basic,baseline,20261012,client-1,web-1,web,TCP_PORT_BLOCKED,web-1:web,TCP_FILTER_OR_PORT_FAILURE,0.930701,web-1:80,strong,1,1,1,0,confident,8,2.0332519998191856,2026-10-09T13:50:09.865341+00:00
exp-775f96f441c4,198,campus-port-blocked-web,campus-basic,baseline,20261013,client-1,web-1,web,TCP_PORT_BLOCKED,web-1:web,TCP_FILTER_OR_PORT_FAILURE,0.930701,web-1:80,strong,1,1,1,0,confident,8,2.2232830001485127,2026-10-09T13:50:10.095214+00:00
exp-775f96f441c4,242,campus-port-blocked-web,campus-basic,baseline,20261014,client-1,web-1,web,TCP_PORT_BLOCKED,web-1:web,TCP_FILTER_OR_PORT_FAILURE,0.930701,web-1:80,strong,1,1,1,0,confident,8,2.4061509998318797,2026-10-09T13:50:10.329642+00:00
exp-775f96f441c4,286,campus-port-blocked-web,campus-basic,baseline,20261015,client-1,web-1,web,TCP_PORT_BLOCKED,web-1:web,TCP_FILTER_OR_PORT_FAILURE,0.930701,web-1:80,strong,1,1,1,0,confident,8,2.700340000046708,2026-10-09T13:50:10.566582+00:00
exp-775f96f441c4,330,campus-port-blocked-web,campus-basic,baseline,20261016,client-1,web-1,web,TCP_PORT_BLOCKED,web-1:web,TCP_FILTER_OR_PORT_FAILURE,0.930701,web-1:80,strong,1,1,1,0,confident,8,2.504306999981054,2026-10-09T13:50:10.803136+00:00
exp-775f96f441c4,374,campus-port-blocked-web,campus-basic,baseline,20261017,client-1,web-1,web,TCP_PORT_BLOCKED,web-1:web,TCP_FILTER_OR_PORT_FAILURE,0.930701,web-1:80,strong,1,1,1,0,confident,8,2.216300999862142,2026-10-09T13:50:11.037220+00:00
exp-775f96f441c4,418,campus-port-blocked-web,campus-basic,baseline,20261018,client-1,web-1,web,TCP_PORT_BLOCKED,web-1:web,TCP_FILTER_OR_PORT_FAILURE,0.930701,web-1:80,strong,1,1,1,0,confident,8,2.0214410001244687,2026-10-09T13:50:11.272136+00:00
exp-775f96f441c4,24,campus-port-rejected-db,campus-basic,baseline,20261009,client-1,db-1,postgres,TCP_PORT_REJECTED,db-1:postgres,TCP_FILTER_OR_PORT_FAILURE,0.81248,db-1:5432,strong,1,1,1,0,confident,7,1.8999589997292787,2026-10-09T13:50:09.195032+00:00
exp-775f96f441c4,68,campus-port-rejected-db,campus-basic,baseline,20261010,client-1,db-1,postgres,TCP_PORT_REJECTED,db-1:postgres,TCP_FILTER_OR_PORT_FAILURE,0.81248,db-1:5432,strong,1,1,1,0,confident,7,2.3692810000284226,2026-10-09T13:50:09.418339+00:00
exp-775f96f441c4,112,campus-port-rejected-db,campus-basic,baseline,20261011,client-1,db-1,postgres,TCP_PORT_REJECTED,db-1:postgres,TCP_FILTER_OR_PORT_FAILURE,0.81248,db-1:5432,strong,1,1,1,0,confident,7,1.8795500000123866,2026-10-09T13:50:09.642062+00:00
exp-775f96f441c4,156,campus-port-rejected-db,campus-basic,baseline,20261012,client-1,db-1,postgres,TCP_PORT_REJECTED,db-1:postgres,TCP_FILTER_OR_PORT_FAILURE,0.81248,db-1:5432,strong,1,1,1,0,confident,7,1.9830070000352862,2026-10-09T13:50:09.873427+00:00
exp-775f96f441c4,200,campus-port-rejected-db,campus-basic,baseline,20261013,client-1,db-1,postgres,TCP_PORT_REJECTED,db-1:postgres,TCP_FILTER_OR_PORT_FAILURE,0.81248,db-1:5432,strong,1,1,1,0,confident,7,1.8345149997003318,2026-10-09T13:50:10.103987+00:00
exp-775f96f441c4,244,campus-port-rejected-db,campus-basic,baseline,20261014,client-1,db-1,postgres,TCP_PORT_REJECTED,db-1:postgres,TCP_FILTER_OR_PORT_FAILURE,0.81248,db-1:5432,strong,1,1,1,0,confident,7,2.1320209998521022,2026-10-09T13:50:10.337719+00:00
exp-775f96f441c4,288,campus-port-rejected-db,campus-basic,baseline,20261015,client-1,db-1,postgres,TCP_PORT_REJECTED,db-1:postgres,TCP_FILTER_OR_PORT_FAILURE,0.81248,db-1:5432,strong,1,1,1,0,confident,7,2.042500000243308,2026-10-09T13:50:10.575135+00:00
exp-775f96f441c4,332,campus-port-rejected-db,campus-basic,baseline,20261016,client-1,db-1,postgres,TCP_PORT_REJECTED,db-1:postgres,TCP_FILTER_OR_PORT_FAILURE,0.81248,db-1:5432,strong,1,1,1,0,confident,7,1.862998999968113,2026-10-09T13:50:10.811387+00:00
exp-775f96f441c4,376,campus-port-rejected-db,campus-basic,baseline,20261017,client-1,db-1,postgres,TCP_PORT_REJECTED,db-1:postgres,TCP_FILTER_OR_PORT_FAILURE,0.81248,db-1:5432,strong,1,1,1,0,confident,7,1.9734389998120605,2026-10-09T13:50:11.045765+00:00
exp-775f96f441c4,420,campus-port-rejected-db,campus-basic,baseline,20261018,client-1,db-1,postgres,TCP_PORT_REJECTED,db-1:postgres,TCP_FILTER_OR_PORT_FAILURE,0.81248,db-1:5432,strong,1,1,1,0,confident,7,2.1283440000843257,2026-10-09T13:50:11.280771+00:00
exp-775f96f441c4,8,campus-route-blackhole,campus-basic,baseline,20261009,client-1,web-1,web,ROUTE_BLACKHOLE,l-campus-edge,ROUTING_FAILURE,0.902375,l-campus-edge,strong,1,1,1,0,confident,8,2.6096779997715203,2026-10-09T13:50:09.110784+00:00
exp-775f96f441c4,52,campus-route-blackhole,campus-basic,baseline,20261010,client-1,web-1,web,ROUTE_BLACKHOLE,l-campus-edge,ROUTING_FAILURE,0.902375,l-campus-edge,strong,1,1,1,0,confident,8,2.5225330000466784,2026-10-09T13:50:09.333733+00:00
exp-775f96f441c4,96,campus-route-blackhole,campus-basic,baseline,20261011,client-1,web-1,web,ROUTE_BLACKHOLE,l-campus-edge,ROUTING_FAILURE,0.902375,l-campus-edge,strong,1,1,1,0,confident,8,2.2423699997489166,2026-10-09T13:50:09.559486+00:00
exp-775f96f441c4,140,campus-route-blackhole,campus-basic,baseline,20261012,client-1,web-1,web,ROUTE_BLACKHOLE,l-campus-edge,ROUTING_FAILURE,0.902375,l-campus-edge,strong,1,1,1,0,confident,8,2.754381999693578,2026-10-09T13:50:09.788571+00:00
exp-775f96f441c4,184,campus-route-blackhole,campus-basic,baseline,20261013,client-1,web-1,web,ROUTE_BLACKHOLE,l-campus-edge,ROUTING_FAILURE,0.902375,l-campus-edge,strong,1,1,1,0,confident,8,2.5978060002671555,2026-10-09T13:50:10.016790+00:00
exp-775f96f441c4,228,campus-route-blackhole,campus-basic,baseline,20261014,client-1,web-1,web,ROUTE_BLACKHOLE,l-campus-edge,ROUTING_FAILURE,0.902375,l-campus-edge,strong,1,1,1,0,confident,8,2.1066619997327507,2026-10-09T13:50:10.251134+00:00
exp-775f96f441c4,272,campus-route-blackhole,campus-basic,baseline,20261015,client-1,web-1,web,ROUTE_BLACKHOLE,l-campus-edge,ROUTING_FAILURE,0.902375,l-campus-edge,strong,1,1,1,0,confident,8,2.4481309997099743,2026-10-09T13:50:10.485156+00:00
exp-775f96f441c4,316,campus-route-blackhole,campus-basic,baseline,20261016,client-1,web-1,web,ROUTE_BLACKHOLE,l-campus-edge,ROUTING_FAILURE,0.902375,l-campus-edge,strong,1,1,1,0,confident,8,2.7058010000473587,2026-10-09T13:50:10.726806+00:00
exp-775f96f441c4,360,campus-route-blackhole,campus-basic,baseline,20261017,client-1,web-1,web,ROUTE_BLACKHOLE,l-campus-edge,ROUTING_FAILURE,0.902375,l-campus-edge,strong,1,1,1,0,confident,8,2.133372000116651,2026-10-09T13:50:10.959874+00:00
exp-775f96f441c4,404,campus-route-blackhole,campus-basic,baseline,20261018,client-1,web-1,web,ROUTE_BLACKHOLE,l-campus-edge,ROUTING_FAILURE,0.902375,l-campus-edge,strong,1,1,1,0,confident,8,2.30683300014789,2026-10-09T13:50:11.196772+00:00
exp-775f96f441c4,26,campus-service-down-web,campus-basic,baseline,20261009,client-1,web-1,web,SERVICE_DOWN,web-1:web,APPLICATION_SERVICE_FAILURE,0.959443,web-1:80,strong,1,1,1,0,confident,8,2.2039870000298833,2026-10-09T13:50:09.203695+00:00
exp-775f96f441c4,70,campus-service-down-web,campus-basic,baseline,20261010,client-1,web-1,web,SERVICE_DOWN,web-1:web,APPLICATION_SERVICE_FAILURE,0.959443,web-1:80,strong,1,1,1,0,confident,8,2.3676480000176525,2026-10-09T13:50:09.427750+00:00
exp-775f96f441c4,114,campus-service-down-web,campus-basic,baseline,20261011,client-1,web-1,web,SERVICE_DOWN,web-1:web,APPLICATION_SERVICE_FAILURE,0.959443,web-1:80,strong,1,1,1,0,confident,8,2.053540999895631,2026-10-09T13:50:09.650498+00:00
exp-775f96f441c4,158,campus-service-down-web,campus-basic,baseline,20261012,client-1,web-1,web,SERVICE_DOWN,web-1:web,APPLICATION_SERVICE_FAILURE,0.959443,web-1:80,strong,1,1,1,0,confident,8,2.4638199997752963,2026-10-09T13:50:09.882190+00:00
exp-775f96f441c4,202,campus-service-down-web,campus-basic,baseline,20261013,client-1,web-1,web,SERVICE_DOWN,web-1:web,APPLICATION_SERVICE_FAILURE,0.959443,web-1:80,strong,1,1,1,0,confident,8,2.121450999766239,2026-10-09T13:50:10.112244+00:00
exp-775f96f441c4,246,campus-service-down-web,campus-basic,baseline,20261014,client-1,web-1,web,SERVICE_DOWN,web-1:web,APPLICATION_SERVICE_FAILURE,0.959443,web-1:80,strong,1,1,1,0,confident,8,2.1577189995696244,2026-10-09T13:50:10.346762+00:00
exp-775f96f441c4,290,campus-service-down-web,campus-basic,baseline,20261015,client-1,web-1,web,SERVICE_DOWN,web-1:web,APPLICATION_SERVICE_FAILURE,0.959443,web-1:80,strong,1,1,1,0,confident,8,3.092594999998255,2026-10-09T13:50:10.584670+00:00
exp-775f96f441c4,334,campus-service-down-web,campus-basic,baseline,20261016,client-1,web-1,web,SERVICE_DOWN,web-1:web,APPLICATION_SERVICE_FAILURE,0.959443,web-1:80,strong,1,1,1,0,confident,8,2.4792600002001564,2026-10-09T13:50:10.820372+00:00
exp-775f96f441c4,378,campus-service-down-web,campus-basic,baseline,20261017,client-1,web-1,web,SERVICE_DOWN,web-1:web,APPLICATION_SERVICE_FAILURE,0.959443,web-1:80,strong,1,1,1,0,confident,8,2.846847999990132,2026-10-09T13:50:11.055852+00:00
exp-775f96f441c4,422,campus-service-down-web,campus-basic,baseline,20261018,client-1,web-1,web,SERVICE_DOWN,web-1:web,APPLICATION_SERVICE_FAILURE,0.959443,web-1:80,strong,1,1,1,0,confident,8,2.01286399988021,2026-10-09T13:50:11.288814+00:00
exp-775f96f441c4,36,multihop-dns-outage,multihop-wan,baseline,20261009,client-1,app-1,api,DNS_FAILURE,dns-1,DNS_FAILURE,0.847915,dns-1,strong,1,1,1,0,confident,6,1.5835479998713708,2026-10-09T13:50:09.252444+00:00
exp-775f96f441c4,80,multihop-dns-outage,multihop-wan,baseline,20261010,client-1,app-1,api,DNS_FAILURE,dns-1,DNS_FAILURE,0.847915,dns-1,strong,1,1,1,0,confident,6,1.9729989999177633,2026-10-09T13:50:09.477462+00:00
exp-775f96f441c4,124,multihop-dns-outage,multihop-wan,baseline,20261011,client-1,app-1,api,DNS_FAILURE,dns-1,DNS_FAILURE,0.847915,dns-1,strong,1,1,1,0,confident,6,1.5760539999973844,2026-10-09T13:50:09.702853+00:00
exp-775f96f441c4,168,multihop-dns-outage,multihop-wan,baseline,20261012,client-1,app-1,api,DNS_FAILURE,dns-1,DNS_FAILURE,0.847915,dns-1,strong,1,1,1,0,confident,6,1.4800209996792546,2026-10-09T13:50:09.932191+00:00
exp-775f96f441c4,212,multihop-dns-outage,multihop-wan,baseline,20261013,client-1,app-1,api,DNS_FAILURE,dns-1,DNS_FAILURE,0.847915,dns-1,strong,1,1,1,0,confident,6,1.4855819999866071,2026-10-09T13:50:10.164201+00:00
exp-775f96f441c4,256,multihop-dns-outage,multihop-wan,baseline,20261014,client-1,app-1,api,DNS_FAILURE,dns-1,DNS_FAILURE,0.847915,dns-1,strong,1,1,1,0,confident,6,1.9943089996559138,2026-10-09T13:50:10.397789+00:00
exp-775f96f441c4,300,multihop-dns-outage,multihop-wan,baseline,20261015,client-1,app-1,api,DNS_FAILURE,dns-1,DNS_FAILURE,0.847915,dns-1,strong,1,1,1,0,confident,6,1.8904319999819563,2026-10-09T13:50:10.637621+00:00
exp-775f96f441c4,344,multihop-dns-outage,multihop-wan,baseline,20261016,client-1,app-1,api,DNS_FAILURE,dns-1,DNS_FAILURE,0.847915,dns-1,strong,1,1,1,0,confident,6,2.629354999953648,2026-10-09T13:50:10.872902+00:00
exp-775f96f441c4,388,multihop-dns-outage,multihop-wan,baseline,20261017,client-1,app-1,api,DNS_FAILURE,dns-1,DNS_FAILURE,0.847915,dns-1,strong,1,1,1,0,confident,6,1.9782780000241473,2026-10-09T13:50:11.112143+00:00
exp-775f96f441c4,432,multihop-dns-outage,multihop-wan,baseline,20261018,client-1,app-1,api,DNS_FAILURE,dns-1,DNS_FAILURE,0.847915,dns-1,strong,1,1,1,0,confident,6,1.5443840002262732,2026-10-09T13:50:11.339730+00:00
exp-775f96f441c4,38,multihop-latency-wan,multihop-wan,baseline,20261009,client-1,app-1,api,HIGH_LATENCY,l-core-branch,HIGH_LATENCY,0.814501,,none,1,1,,0,confident,7,1.8900709997069498,2026-10-09T13:50:09.262540+00:00
exp-775f96f441c4,82,multihop-latency-wan,multihop-wan,baseline,20261010,client-1,app-1,api,HIGH_LATENCY,l-core-branch,HIGH_LATENCY,0.814501,,none,1,1,,0,confident,7,1.8587810000099125,2026-10-09T13:50:09.488367+00:00
exp-775f96f441c4,126,multihop-latency-wan,multihop-wan,baseline,20261011,client-1,app-1,api,HIGH_LATENCY,l-core-branch,HIGH_LATENCY,0.814501,,none,1,1,,0,confident,7,2.252768999824184,2026-10-09T13:50:09.714140+00:00
exp-775f96f441c4,170,multihop-latency-wan,multihop-wan,baseline,20261012,client-1,app-1,api,HIGH_LATENCY,l-core-branch,HIGH_LATENCY,0.814501,,none,1,1,,0,confident,7,1.8702530001064588,2026-10-09T13:50:09.942049+00:00
exp-775f96f441c4,214,multihop-latency-wan,multihop-wan,baseline,20261013,client-1,app-1,api,HIGH_LATENCY,l-core-branch,HIGH_LATENCY,0.814501,,none,1,1,,0,confident,7,1.8901510002251598,2026-10-09T13:50:10.175491+00:00
exp-775f96f441c4,258,multihop-latency-wan,multihop-wan,baseline,20261014,client-1,app-1,api,HIGH_LATENCY,l-core-branch,HIGH_LATENCY,0.814501,,none,1,1,,0,confident,7,1.8782380002448917,2026-10-09T13:50:10.407882+00:00
exp-775f96f441c4,302,multihop-latency-wan,multihop-wan,baseline,20261015,client-1,app-1,api,HIGH_LATENCY,l-core-branch,HIGH_LATENCY,0.814501,,none,1,1,,0,confident,7,2.1086260003357893,2026-10-09T13:50:10.648423+00:00
exp-775f96f441c4,346,multihop-latency-wan,multihop-wan,baseline,20261016,client-1,app-1,api,HIGH_LATENCY,l-core-branch,HIGH_LATENCY,0.814501,,none,1,1,,0,confident,7,2.1759639998890634,2026-10-09T13:50:10.885112+00:00
exp-775f96f441c4,390,multihop-latency-wan,multihop-wan,baseline,20261017,client-1,app-1,api,HIGH_LATENCY,l-core-branch,HIGH_LATENCY,0.814501,,none,1,1,,0,confident,7,2.7412879999246798,2026-10-09T13:50:11.123561+00:00
exp-775f96f441c4,434,multihop-latency-wan,multihop-wan,baseline,20261018,client-1,app-1,api,HIGH_LATENCY,l-core-branch,HIGH_LATENCY,0.814501,,none,1,1,,0,confident,7,1.8822160000127042,2026-10-09T13:50:11.350970+00:00
exp-775f96f441c4,32,multihop-link-down-core-branch,multihop-wan,baseline,20261009,client-1,app-1,api,LINK_DOWN,l-core-branch,ROUTING_FAILURE,0.669625,l-core-branch,strong,0,1,1,1,budget_exhausted,8,2.3936569996294565,2026-10-09T13:50:09.232122+00:00
exp-775f96f441c4,76,multihop-link-down-core-branch,multihop-wan,baseline,20261010,client-1,app-1,api,LINK_DOWN,l-core-branch,ROUTING_FAILURE,0.669625,l-core-branch,strong,0,1,1,1,budget_exhausted,8,2.462006999849109,2026-10-09T13:50:09.457114+00:00
exp-775f96f441c4,120,multihop-link-down-core-branch,multihop-wan,baseline,20261011,client-1,app-1,api,LINK_DOWN,l-core-branch,ROUTING_FAILURE,0.669625,l-core-branch,strong,0,1,1,1,budget_exhausted,8,2.2948800001358904,2026-10-09T13:50:09.680955+00:00
exp-775f96f441c4,164,multihop-link-down-core-branch,multihop-wan,baseline,20261012,client-1,app-1,api,LINK_DOWN,l-core-branch,ROUTING_FAILURE,0.669625,l-core-branch,strong,0,1,1,1,budget_exhausted,8,3.0552950001947465,2026-10-09T13:50:09.911555+00:00
exp-775f96f441c4,208,multihop-link-down-core-branch,multihop-wan,baseline,20261013,client-1,app-1,api,LINK_DOWN,l-core-branch,ROUTING_FAILURE,0.669625,l-core-branch,strong,0,1,1,1,budget_exhausted,8,2.2933970003577997,2026-10-09T13:50:10.141442+00:00
exp-775f96f441c4,252,multihop-link-down-core-branch,multihop-wan,baseline,20261014,client-1,app-1,api,LINK_DOWN,l-core-branch,ROUTING_FAILURE,0.669625,l-core-branch,strong,0,1,1,1,budget_exhausted,8,2.53361400018548,2026-10-09T13:50:10.377019+00:00
exp-775f96f441c4,296,multihop-link-down-core-branch,multihop-wan,baseline,20261015,client-1,app-1,api,LINK_DOWN,l-core-branch,ROUTING_FAILURE,0.669625,l-core-branch,strong,0,1,1,1,budget_exhausted,8,3.0536010003743286,2026-10-09T13:50:10.616159+00:00
exp-775f96f441c4,340,multihop-link-down-core-branch,multihop-wan,baseline,20261016,client-1,app-1,api,LINK_DOWN,l-core-branch,ROUTING_FAILURE,0.669625,l-core-branch,strong,0,1,1,1,budget_exhausted,8,2.365082999858714,2026-10-09T13:50:10.850152+00:00
exp-775f96f441c4,384,multihop-link-down-core-branch,multihop-wan,baseline,20261017,client-1,app-1,api,LINK_DOWN,l-core-branch,ROUTING_FAILURE,0.669625,l-core-branch,strong,0,1,1,1,budget_exhausted,8,2.3470490000363498,2026-10-09T13:50:11.091391+00:00
exp-775f96f441c4,428,multihop-link-down-core-branch,multihop-wan,baseline,20261018,client-1,app-1,api,LINK_DOWN,l-core-branch,ROUTING_FAILURE,0.669625,l-core-branch,strong,0,1,1,1,budget_exhausted,8,2.2868440000820556,2026-10-09T13:50:11.319348+00:00
exp-775f96f441c4,40,multihop-mtu-edge-core,multihop-wan,baseline,20261009,client-1,app-1,api,MTU_BLACK_HOLE,l-edge-core,NO_FAULT_DETECTED,0.929429,,none,0,1,,0,confident,6,1.764571999956388,2026-10-09T13:50:09.272630+00:00
exp-775f96f441c4,84,multihop-mtu-edge-core,multihop-wan,baseline,20261010,client-1,app-1,api,MTU_BLACK_HOLE,l-edge-core,NO_FAULT_DETECTED,0.929429,,none,0,1,,0,confident,6,1.6442840001218428,2026-10-09T13:50:09.498145+00:00
exp-775f96f441c4,128,multihop-mtu-edge-core,multihop-wan,baseline,20261011,client-1,app-1,api,MTU_BLACK_HOLE,l-edge-core,NO_FAULT_DETECTED,0.929429,,none,0,1,,0,confident,6,2.038403000369726,2026-10-09T13:50:09.723895+00:00
exp-775f96f441c4,172,multihop-mtu-edge-core,multihop-wan,baseline,20261012,client-1,app-1,api,MTU_BLACK_HOLE,l-edge-core,NO_FAULT_DETECTED,0.929429,,none,0,1,,0,confident,6,1.4967829997658555,2026-10-09T13:50:09.951680+00:00
exp-775f96f441c4,216,multihop-mtu-edge-core,multihop-wan,baseline,20261013,client-1,app-1,api,MTU_BLACK_HOLE,l-edge-core,NO_FAULT_DETECTED,0.929429,,none,0,1,,0,confident,6,1.6956720000962378,2026-10-09T13:50:10.185787+00:00
exp-775f96f441c4,260,multihop-mtu-edge-core,multihop-wan,baseline,20261014,client-1,app-1,api,MTU_BLACK_HOLE,l-edge-core,NO_FAULT_DETECTED,0.929429,,none,0,1,,0,confident,6,1.9008420003956417,2026-10-09T13:50:10.417931+00:00
exp-775f96f441c4,304,multihop-mtu-edge-core,multihop-wan,baseline,20261015,client-1,app-1,api,MTU_BLACK_HOLE,l-edge-core,NO_FAULT_DETECTED,0.929429,,none,0,1,,0,confident,6,1.5504660000260628,2026-10-09T13:50:10.658770+00:00
exp-775f96f441c4,348,multihop-mtu-edge-core,multihop-wan,baseline,20261016,client-1,app-1,api,MTU_BLACK_HOLE,l-edge-core,NO_FAULT_DETECTED,0.929429,,none,0,1,,0,confident,6,1.5946500002428365,2026-10-09T13:50:10.895978+00:00
exp-775f96f441c4,392,multihop-mtu-edge-core,multihop-wan,baseline,20261017,client-1,app-1,api,MTU_BLACK_HOLE,l-edge-core,NO_FAULT_DETECTED,0.929429,,none,0,1,,0,confident,6,1.553580999825499,2026-10-09T13:50:11.133622+00:00
exp-775f96f441c4,436,multihop-mtu-edge-core,multihop-wan,baseline,20261018,client-1,app-1,api,MTU_BLACK_HOLE,l-edge-core,NO_FAULT_DETECTED,0.929429,,none,0,1,,0,confident,6,1.509456999883696,2026-10-09T13:50:11.359903+00:00
exp-775f96f441c4,30,multihop-nofault-api,multihop-wan,baseline,20261009,client-1,app-1,api,,,NO_FAULT_DETECTED,0.929429,,none,1,1,,0,confident,6,1.6448149999632733,2026-10-09T13:50:09.221040+00:00
exp-775f96f441c4,74,multihop-nofault-api,multihop-wan,baseline,20261010,client-1,app-1,api,,,NO_FAULT_DETECTED,0.929429,,none,1,1,,0,confident,6,1.8357980002292607,2026-10-09T13:50:09.446181+00:00
exp-775f96f441c4,118,multihop-nofault-api,multihop-wan,baseline,20261011,client-1,app-1,api,,,NO_FAULT_DETECTED,0.929429,,none,1,1,,0,confident,6,1.5939980003167875,2026-10-09T13:50:09.668280+00:00
exp-775f96f441c4,162,multihop-nofault-api,multihop-wan,baseline,20261012,client-1,app-1,api,,,NO_FAULT_DETECTED,0.929429,,none,1,1,,0,confident,6,1.5527800001109426,2026-10-09T13:50:09.899641+00:00
exp-775f96f441c4,206,multihop-nofault-api,multihop-wan,baseline,20261013,client-1,app-1,api,,,NO_FAULT_DETECTED,0.929429,,none,1,1,,0,confident,6,1.7850809999799822,2026-10-09T13:50:10.130294+00:00
exp-775f96f441c4,250,multihop-nofault-api,multihop-wan,baseline,20261014,client-1,app-1,api,,,NO_FAULT_DETECTED,0.929429,,none,1,1,,0,confident,6,1.494488999924215,2026-10-09T13:50:10.365258+00:00
exp-775f96f441c4,294,multihop-nofault-api,multihop-wan,baseline,20261015,client-1,app-1,api,,,NO_FAULT_DETECTED,0.929429,,none,1,1,,0,confident,6,1.9689300002028176,2026-10-09T13:50:10.604269+00:00
exp-775f96f441c4,338,multihop-nofault-api,multihop-wan,baseline,20261016,client-1,app-1,api,,,NO_FAULT_DETECTED,0.929429,,none,1,1,,0,confident,6,1.8756029999167367,2026-10-09T13:50:10.838022+00:00
exp-775f96f441c4,382,multihop-nofault-api,multihop-wan,baseline,20261017,client-1,app-1,api,,,NO_FAULT_DETECTED,0.929429,,none,1,1,,0,confident,6,1.9480310002109036,2026-10-09T13:50:11.079633+00:00
exp-775f96f441c4,426,multihop-nofault-api,multihop-wan,baseline,20261018,client-1,app-1,api,,,NO_FAULT_DETECTED,0.929429,,none,1,1,,0,confident,6,1.6767749998507497,2026-10-09T13:50:11.307175+00:00
exp-775f96f441c4,42,multihop-port-blocked-admin,multihop-wan,baseline,20261009,client-1,app-1,admin,TCP_PORT_BLOCKED,app-1:admin,TCP_FILTER_OR_PORT_FAILURE,0.930701,app-1:9090,strong,1,1,1,0,confident,8,1.971414999843546,2026-10-09T13:50:09.282165+00:00
exp-775f96f441c4,86,multihop-port-blocked-admin,multihop-wan,baseline,20261010,client-1,app-1,admin,TCP_PORT_BLOCKED,app-1:admin,TCP_FILTER_OR_PORT_FAILURE,0.930701,app-1:9090,strong,1,1,1,0,confident,8,1.9951700001001882,2026-10-09T13:50:09.507685+00:00
exp-775f96f441c4,130,multihop-port-blocked-admin,multihop-wan,baseline,20261011,client-1,app-1,admin,TCP_PORT_BLOCKED,app-1:admin,TCP_FILTER_OR_PORT_FAILURE,0.930701,app-1:9090,strong,1,1,1,0,confident,8,2.396383000359492,2026-10-09T13:50:09.734495+00:00
exp-775f96f441c4,174,multihop-port-blocked-admin,multihop-wan,baseline,20261012,client-1,app-1,admin,TCP_PORT_BLOCKED,app-1:admin,TCP_FILTER_OR_PORT_FAILURE,0.930701,app-1:9090,strong,1,1,1,0,confident,8,2.3422090002895857,2026-10-09T13:50:09.961839+00:00
exp-775f96f441c4,218,multihop-port-blocked-admin,multihop-wan,baseline,20261013,client-1,app-1,admin,TCP_PORT_BLOCKED,app-1:admin,TCP_FILTER_OR_PORT_FAILURE,0.930701,app-1:9090,strong,1,1,1,0,confident,8,2.0756039998559572,2026-10-09T13:50:10.195819+00:00
exp-775f96f441c4,262,multihop-port-blocked-admin,multihop-wan,baseline,20261014,client-1,app-1,admin,TCP_PORT_BLOCKED,app-1:admin,TCP_FILTER_OR_PORT_FAILURE,0.930701,app-1:9090,strong,1,1,1,0,confident,8,2.340145999824017,2026-10-09T13:50:10.428800+00:00
exp-775f96f441c4,306,multihop-port-blocked-admin,multihop-wan,baseline,20261015,client-1,app-1,admin,TCP_PORT_BLOCKED,app-1:admin,TCP_FILTER_OR_PORT_FAILURE,0.930701,app-1:9090,strong,1,1,1,0,confident,8,2.373229000113497,2026-10-09T13:50:10.668789+00:00
exp-775f96f441c4,350,multihop-port-blocked-admin,multihop-wan,baseline,20261016,client-1,app-1,admin,TCP_PORT_BLOCKED,app-1:admin,TCP_FILTER_OR_PORT_FAILURE,0.930701,app-1:9090,strong,1,1,1,0,confident,8,2.7968630001851125,2026-10-09T13:50:10.906300+00:00
exp-775f96f441c4,394,multihop-port-blocked-admin,multihop-wan,baseline,20261017,client-1,app-1,admin,TCP_PORT_BLOCKED,app-1:admin,TCP_FILTER_OR_PORT_FAILURE,0.930701,app-1:9090,strong,1,1,1,0,confident,8,2.0625180000024557,2026-10-09T13:50:11.143625+00:00
exp-775f96f441c4,438,multihop-port-blocked-admin,multihop-wan,baseline,20261018,client-1,app-1,admin,TCP_PORT_BLOCKED,app-1:admin,TCP_FILTER_OR_PORT_FAILURE,0.930701,app-1:9090,strong,1,1,1,0,confident,8,2.4794500000098196,2026-10-09T13:50:11.371285+00:00
exp-775f96f441c4,34,multihop-route-blackhole,multihop-wan,baseline,20261009,client-1,app-1,api,ROUTE_BLACKHOLE,l-edge-core,ROUTING_FAILURE,0.902375,l-edge-core,strong,1,1,1,0,confident,8,2.0962619996680587,2026-10-09T13:50:09.242711+00:00
exp-775f96f441c4,78,multihop-route-blackhole,multihop-wan,baseline,20261010,client-1,app-1,api,ROUTE_BLACKHOLE,l-edge-core,ROUTING_FAILURE,0.902375,l-edge-core,strong,1,1,1,0,confident,8,2.052579000064725,2026-10-09T13:50:09.468187+00:00
exp-775f96f441c4,122,multihop-route-blackhole,multihop-wan,baseline,20261011,client-1,app-1,api,ROUTE_BLACKHOLE,l-edge-core,ROUTING_FAILURE,0.902375,l-edge-core,strong,1,1,1,0,confident,8,2.248381999834237,2026-10-09T13:50:09.692964+00:00
exp-775f96f441c4,166,multihop-route-blackhole,multihop-wan,baseline,20261012,client-1,app-1,api,ROUTE_BLACKHOLE,l-edge-core,ROUTING_FAILURE,0.902375,l-edge-core,strong,1,1,1,0,confident,8,2.1892989998377743,2026-10-09T13:50:09.922318+00:00
exp-775f96f441c4,210,multihop-route-blackhole,multihop-wan,baseline,20261013,client-1,app-1,api,ROUTE_BLACKHOLE,l-edge-core,ROUTING_FAILURE,0.902375,l-edge-core,strong,1,1,1,0,confident,8,2.3018530000626924,2026-10-09T13:50:10.154492+00:00
exp-775f96f441c4,254,multihop-route-blackhole,multihop-wan,baseline,20261014,client-1,app-1,api,ROUTE_BLACKHOLE,l-edge-core,ROUTING_FAILURE,0.902375,l-edge-core,strong,1,1,1,0,confident,8,2.0447450001483958,2026-10-09T13:50:10.387430+00:00
exp-775f96f441c4,298,multihop-route-blackhole,multihop-wan,baseline,20261015,client-1,app-1,api,ROUTE_BLACKHOLE,l-edge-core,ROUTING_FAILURE,0.902375,l-edge-core,strong,1,1,1,0,confident,8,2.271315000143659,2026-10-09T13:50:10.627684+00:00
exp-775f96f441c4,342,multihop-route-blackhole,multihop-wan,baseline,20261016,client-1,app-1,api,ROUTE_BLACKHOLE,l-edge-core,ROUTING_FAILURE,0.902375,l-edge-core,strong,1,1,1,0,confident,8,2.6787090000652825,2026-10-09T13:50:10.861872+00:00
exp-775f96f441c4,386,multihop-route-blackhole,multihop-wan,baseline,20261017,client-1,app-1,api,ROUTE_BLACKHOLE,l-edge-core,ROUTING_FAILURE,0.902375,l-edge-core,strong,1,1,1,0,confident,8,2.052749000085896,2026-10-09T13:50:11.101877+00:00
exp-775f96f441c4,430,multihop-route-blackhole,multihop-wan,baseline,20261018,client-1,app-1,api,ROUTE_BLACKHOLE,l-edge-core,ROUTING_FAILURE,0.902375,l-edge-core,strong,1,1,1,0,confident,8,2.3920139997244405,2026-10-09T13:50:11.330430+00:00
exp-775f96f441c4,44,multihop-service-down-api,multihop-wan,baseline,20261009,client-1,app-1,api,SERVICE_DOWN,app-1:api,APPLICATION_SERVICE_FAILURE,0.959443,app-1:8080,strong,1,1,1,0,confident,8,2.4820550002004893,2026-10-09T13:50:09.290285+00:00
exp-775f96f441c4,88,multihop-service-down-api,multihop-wan,baseline,20261010,client-1,app-1,api,SERVICE_DOWN,app-1:api,APPLICATION_SERVICE_FAILURE,0.959443,app-1:8080,strong,1,1,1,0,confident,8,2.029204999871581,2026-10-09T13:50:09.516076+00:00
exp-775f96f441c4,132,multihop-service-down-api,multihop-wan,baseline,20261011,client-1,app-1,api,SERVICE_DOWN,app-1:api,APPLICATION_SERVICE_FAILURE,0.959443,app-1:8080,strong,1,1,1,0,confident,8,2.3061219999362947,2026-10-09T13:50:09.743202+00:00
exp-775f96f441c4,176,multihop-service-down-api,multihop-wan,baseline,20261012,client-1,app-1,api,SERVICE_DOWN,app-1:api,APPLICATION_SERVICE_FAILURE,0.959443,app-1:8080,strong,1,1,1,0,confident,8,1.957339000000502,2026-10-09T13:50:09.970020+00:00
exp-775f96f441c4,220,multihop-service-down-api,multihop-wan,baseline,20261013,client-1,app-1,api,SERVICE_DOWN,app-1:api,APPLICATION_SERVICE_FAILURE,0.959443,app-1:8080,strong,1,1,1,0,confident,8,2.7455559998088575,2026-10-09T13:50:10.205705+00:00
exp-775f96f441c4,264,multihop-service-down-api,multihop-wan,baseline,20261014,client-1,app-1,api,SERVICE_DOWN,app-1:api,APPLICATION_SERVICE_FAILURE,0.959443,app-1:8080,strong,1,1,1,0,confident,8,2.4967730000753363,2026-10-09T13:50:10.437792+00:00
exp-775f96f441c4,308,multihop-service-down-api,multihop-wan,baseline,20261015,client-1,app-1,api,SERVICE_DOWN,app-1:api,APPLICATION_SERVICE_FAILURE,0.959443,app-1:8080,strong,1,1,1,0,confident,8,2.1478300000126183,2026-10-09T13:50:10.678176+00:00
exp-775f96f441c4,352,multihop-service-down-api,multihop-wan,baseline,20261016,client-1,app-1,api,SERVICE_DOWN,app-1:api,APPLICATION_SERVICE_FAILURE,0.959443,app-1:8080,strong,1,1,1,0,confident,8,2.1898800000599294,2026-10-09T13:50:10.914987+00:00
exp-775f96f441c4,396,multihop-service-down-api,multihop-wan,baseline,20261017,client-1,app-1,api,SERVICE_DOWN,app-1:api,APPLICATION_SERVICE_FAILURE,0.959443,app-1:8080,strong,1,1,1,0,confident,8,2.185252000344917,2026-10-09T13:50:11.151998+00:00
exp-775f96f441c4,440,multihop-service-down-api,multihop-wan,baseline,20261018,client-1,app-1,api,SERVICE_DOWN,app-1:api,APPLICATION_SERVICE_FAILURE,0.959443,app-1:8080,strong,1,1,1,0,confident,8,2.5017030002345564,2026-10-09T13:50:11.380030+00:00
